id,title,point,level,solved,wrong,no,tags,open,wp,unknown_flag,url
444,[SWPUCTF 2021 新生赛]re1,1,2.8,4173,6636,1255,C|逆向技术|语言逆向|C++|自定义逻辑,True,False,,https://www.nssctf.cn/problem/444
403,[SWPUCTF 2021 新生赛]简简单单的逻辑,1,2.9,3340,2508,831,Python|XOR|算法分析|语言逆向|逆向技术,True,False,,https://www.nssctf.cn/problem/403
3845,[LitCTF 2023]世界上最棒的程序员,1,2.4,3238,2903,462,C|逆向技术|语言逆向|脱壳|编码分析,True,False,,https://www.nssctf.cn/problem/3845
2145,[NSSCTF 2022 Spring Recruit]easy C,1,2.5,2906,2960,411,C|XOR|语言逆向|逆向技术|算法分析,True,False,,https://www.nssctf.cn/problem/2145
445,[SWPUCTF 2021 新生赛]re2,1,2.6,2586,11339,701,C|语言逆向|算法分析|逆向技术|自定义逻辑,True,False,,https://www.nssctf.cn/problem/445
2654,[SWPUCTF 2022 新生赛]base64,1,2.5,2393,364,524,Base64|C|逆向技术|算法分析|语言逆向,True,False,,https://www.nssctf.cn/problem/2654
404,[SWPUCTF 2021 新生赛]简简单单的解密,1,2.8,2224,575,573,RC4|Python|语言逆向|算法分析|逆向技术,True,False,,https://www.nssctf.cn/problem/404
1997,[WUSTCTF 2020]level2,1,2.5,2206,1354,449,脱壳|UPX壳|逆向技术|C|语言逆向,True,False,,https://www.nssctf.cn/problem/1997
2593,[HUBUCTF 2022 新生赛]simple_RE,1,2.8,2023,487,421,Base64|C|算法分析|逆向技术|Python,True,False,,https://www.nssctf.cn/problem/2593
2902,[HNCTF 2022 Week1]超级签到,1,2.5,1785,4405,354,C|逆向技术|语言逆向|自定义逻辑|反调试,True,False,,https://www.nssctf.cn/problem/2902
3778,[HDCTF 2023]easy_re,1,2.4,1782,2596,416,Base64|脱壳|UPX壳|C|逆向技术,True,False,,https://www.nssctf.cn/problem/3778
405,[SWPUCTF 2021 新生赛]非常简单的逻辑题,1,2.9,1749,652,408,Python|语言逆向|逆向技术|自定义逻辑|算法分析,True,False,,https://www.nssctf.cn/problem/405
2651,[SWPUCTF 2022 新生赛]easyre,1,1.9,1700,256,291,逆向技术|C|语言逆向|其他|REVERSE,True,False,,https://www.nssctf.cn/problem/2651
407,[SWPUCTF 2021 新生赛]fakerandom,1,2.6,1652,299,312,Python|XOR|语言逆向|算法分析|逆向技术,True,False,,https://www.nssctf.cn/problem/407
880,[GFCTF 2021]wordy,1,3.0,1589,919,678,花指令|C|逆向技术|语言逆向|IDC脚本,True,False,,https://www.nssctf.cn/problem/880
2313,[NSSRound#3 Team]jump_by_jump,1,2.2,1521,275,292,花指令|逆向技术|C|语言逆向|Base64,True,False,,https://www.nssctf.cn/problem/2313
3860,[LitCTF 2023]ez_XOR,1,2.4,1498,1395,329,XOR|C|逆向技术|算法分析|语言逆向,True,False,,https://www.nssctf.cn/problem/3860
2650,[SWPUCTF 2022 新生赛]babyre,1,2.0,1466,285,130,C|逆向技术|语言逆向|REVERSE,True,False,,https://www.nssctf.cn/problem/2650
214,[UTCTF 2020]Basics(RE),1,2.1,1372,402,100,C|逆向技术|语言逆向|花指令|逆向,True,False,,https://www.nssctf.cn/problem/214
2956,[HNCTF 2022 WEEK2]e@sy_flower,1,2.7,1324,631,304,花指令|C|XOR|逆向技术|算法分析,True,False,,https://www.nssctf.cn/problem/2956
3331,[MoeCTF 2022]Reverse入门指北,1,2.2,1281,854,83,C|语言逆向|Python|逆向技术|C#,True,False,,https://www.nssctf.cn/problem/3331
703,[BJDCTF 2020]JustRE,1,2.5,1258,1756,179,C|语言逆向|逆向技术|动态调试|Python,True,False,,https://www.nssctf.cn/problem/703
2042,[NISACTF 2022]string,1,2.7,1199,1527,355,C|逆向技术|动态调试|算法分析|C++,True,False,,https://www.nssctf.cn/problem/2042
2903,[HNCTF 2022 Week1]贝斯是什么乐器啊？,1,2.6,1154,249,173,Base64|C|语言逆向|逆向技术|Python,True,False,,https://www.nssctf.cn/problem/2903
3846,[LitCTF 2023]enbase64,1,3.0,1140,1402,449,Base64|C|语言逆向|算法分析|Python,True,False,,https://www.nssctf.cn/problem/3846
2146,[NSSCTF 2022 Spring Recruit]easy Python,1,2.3,1133,180,152,Base64|Python|算法分析|其他|编码,True,False,,https://www.nssctf.cn/problem/2146
2653,[SWPUCTF 2022 新生赛]upx,1,2.6,1118,466,306,UPX壳|脱壳|逆向技术|XOR|C,True,False,,https://www.nssctf.cn/problem/2653
2041,[NISACTF 2022]sign-ezc++,1,2.4,1077,292,236,XOR|C++|算法分析|逆向技术|动态调试,True,False,,https://www.nssctf.cn/problem/2041
2655,[SWPUCTF 2022 新生赛]base64-2,1,2.3,1048,163,156,Base64|C|重定向表|逆向技术|REVERSE,True,False,,https://www.nssctf.cn/problem/2655
2904,[HNCTF 2022 Week1]X0r,1,2.4,1045,408,156,XOR|C|语言逆向|算法分析|逆向技术,True,False,,https://www.nssctf.cn/problem/2904
2652,[SWPUCTF 2022 新生赛]xor,1,2.2,945,514,169,XOR|C|逆向技术|REVERSE|反汇编,True,False,,https://www.nssctf.cn/problem/2652
408,[SWPUCTF 2021 新生赛]fakebase,1,3.1,937,317,297,Python|算法分析|语言逆向|逆向技术|自定义逻辑,True,False,,https://www.nssctf.cn/problem/408
702,[BJDCTF 2020]Easy,1,2.9,899,378,318,动态调试|Ollydbg|逆向技术|C|RC4,True,False,,https://www.nssctf.cn/problem/702
2595,[HUBUCTF 2022 新生赛]ezPython,1,2.7,898,2366,218,Python|Base64|PYC|语言逆向|迷宫,True,False,,https://www.nssctf.cn/problem/2595
2038,[NISACTF 2022]ezpython,1,2.8,885,1555,289,Python|Base64|PYC|语言逆向|算法分析,True,False,,https://www.nssctf.cn/problem/2038
3701,[GDOUCTF 2023]Check_Your_Luck,1,2.5,860,737,139,Z3|C++|C|自定义逻辑|语言逆向,True,False,,https://www.nssctf.cn/problem/3701
3476,[HGAME 2023 week1]test your IDA,1,1.8,833,331,81,逆向技术|Python|RC4|语言逆向|REVERSE,True,False,,https://www.nssctf.cn/problem/3476
1110,[AFCTF 2018]欢迎光临,1,2.0,823,226,85,C|算法分析|逆向技术|逆向|签到,True,False,,https://www.nssctf.cn/problem/1110
2594,[HUBUCTF 2022 新生赛]help,1,3.0,812,1067,253,迷宫|动态调试|C|逆向技术|BFS,True,False,,https://www.nssctf.cn/problem/2594
2906,[HNCTF 2022 Week1]你知道什么是Py嘛？,1,2.4,796,139,92,Python|XOR|逆向技术|语言逆向|RE,True,False,,https://www.nssctf.cn/problem/2906
410,[SWPUCTF 2021 新生赛]easyapp,1,2.8,793,118,253,安卓逆向|JAVA|XOR|逆向|安卓,True,False,,https://www.nssctf.cn/problem/410
1416,[羊城杯 2020]easyre,1,3.0,755,277,250,Base64|自定义逻辑|C|逆向技术|算法分析,True,False,,https://www.nssctf.cn/problem/1416
3323,[MoeCTF 2022]chicken_soup,1,2.8,755,349,192,花指令|C|算法分析|逆向技术|自定义逻辑,True,False,,https://www.nssctf.cn/problem/3323
406,[SWPUCTF 2021 新生赛]老鼠走迷宫,1,3.0,732,853,268,迷宫|Python|DFS|PYC|语言逆向,True,False,,https://www.nssctf.cn/problem/406
2316,[NSSRound#3 Team]jump_by_jump_revenge,1,3.0,704,262,235,花指令|C|自定义逻辑|逆向技术|语言逆向,True,False,,https://www.nssctf.cn/problem/2316
1998,[WUSTCTF 2020]level3,1,2.8,700,271,142,Base64|C|逆向技术|Reverse|交叉引用,True,False,,https://www.nssctf.cn/problem/1998
1860,[HGAME 2022 week1]easyasm,1,2.9,688,1024,150,ASM|XOR|C++|语言逆向|算法分析,True,False,,https://www.nssctf.cn/problem/1860
2876,[SWPUCTF 2022 新生赛]py2,1,2.3,674,69,151,Python|PYC|Base64|逆向技术|RE,True,False,,https://www.nssctf.cn/problem/2876
2959,[HNCTF 2022 WEEK2]Packet,1,2.3,666,45,110,UPX壳|Base64|脱壳|RE|压缩壳,True,False,,https://www.nssctf.cn/problem/2959
1996,[WUSTCTF 2020]level1,1,2.6,657,208,126,C|逆向技术|自定义逻辑|语言逆向|XOR,True,False,,https://www.nssctf.cn/problem/1996
2433,[广东省大学生攻防大赛 2022]pyre,1,2.6,644,399,181,Python|PYC|语言逆向|逆向技术|REVERSE,True,False,,https://www.nssctf.cn/problem/2433
3319,[MoeCTF 2022]Base,1,2.3,628,203,78,Base64|C|逆向技术|语言逆向|Python,True,False,,https://www.nssctf.cn/problem/3319
3849,[LitCTF 2023]snake,1,2.7,618,325,163,PYC|Python|XOR|python,True,False,,https://www.nssctf.cn/problem/3849
3501,[HGAME 2023 week2]before_main,1,2.6,599,195,76,Base64|逆向技术|C|ptrace|REVERSE,True,False,,https://www.nssctf.cn/problem/3501
3688,[GDOUCTF 2023]Tea,1,3.1,568,502,321,TEA|XTEA|C|动态调试|C++,True,False,,https://www.nssctf.cn/problem/3688
2874,[SWPUCTF 2022 新生赛]android,1,2.2,563,31,90,安卓逆向|逆向技术|模拟器|RE|安卓,True,False,,https://www.nssctf.cn/problem/2874
3480,[HGAME 2023 week1]encode,1,2.7,558,162,106,自定义逻辑|Base64|算法分析|Python|REVERSE,True,False,,https://www.nssctf.cn/problem/3480
251,[GWCTF 2019]pyre,1,2.7,546,266,99,Python|XOR|Base64|逆向 |pyc,True,False,,https://www.nssctf.cn/problem/251
409,[SWPUCTF 2021 新生赛]astJS,1,2.7,543,302,122,逆向技术|XOR|AST|逆向|JS,True,False,,https://www.nssctf.cn/problem/409
3322,[MoeCTF 2022]checkin,1,1.8,534,135,28,逆向技术|REVERSE,True,False,,https://www.nssctf.cn/problem/3322
3330,[MoeCTF 2022]Hex,1,1.8,527,172,34,其他|逆向技术|C|REVERSE|二进制,True,False,,https://www.nssctf.cn/problem/3330
2957,[HNCTF 2022 WEEK2]TTTTTTTTTea,1,3.1,519,168,170,XTEA|TEA|逆向技术|C|动态调试,True,False,,https://www.nssctf.cn/problem/2957
1417,[羊城杯 2020]login,1,2.9,513,661,122,Z3|Python|自定义逻辑|XOR|逆向技术,True,False,,https://www.nssctf.cn/problem/1417
2402,[CISCN 2022 东北]easycpp,1,2.6,509,281,173,动态调试|XOR|C|C++|自定义逻辑,True,False,,https://www.nssctf.cn/problem/2402
2905,[HNCTF 2022 Week1]给阿姨倒一杯Jvav,1,2.5,493,372,62,JAVA|XOR|逆向技术|RE|java,True,False,,https://www.nssctf.cn/problem/2905
701,[BJDCTF 2020]encode,1,2.8,491,294,339,Base64|RC4|XOR|UPX壳|C,True,False,,https://www.nssctf.cn/problem/701
3794,[HDCTF 2023]easy_asm,1,2.3,489,142,81,ASM|XOR|逆向技术|Reverse|asm,True,False,,https://www.nssctf.cn/problem/3794
3477,[HGAME 2023 week1]easyasm,1,2.2,467,167,53,XOR|ASM|语言逆向|算法分析|REVERSE,True,False,,https://www.nssctf.cn/problem/3477
3320,[MoeCTF 2022]begin,1,2.1,462,251,47,XOR|逆向技术|C|REVERSE|异或加密,True,False,,https://www.nssctf.cn/problem/3320
4529,[SWPUCTF 2023 秋季新生赛]UPX,1,2.4,462,93,112,脱壳|UPX壳|C|REVERSE,True,False,,https://www.nssctf.cn/problem/4529
2907,[HNCTF 2022 Week1]Little Endian,1,2.6,460,177,59,大小端序|C|逆向技术|RE|数据存储,True,False,,https://www.nssctf.cn/problem/2907
2875,[SWPUCTF 2022 新生赛]py1,1,2.1,451,22,61,Python|XOR|RE|python,True,False,,https://www.nssctf.cn/problem/2875
1995,[WUSTCTF 2020]Cr0ssfun,1,2.0,447,239,65,逆向技术|自定义逻辑|算法分析|Reverse|枚举,True,False,,https://www.nssctf.cn/problem/1995
2958,[HNCTF 2022 WEEK2]来解个方程?,1,2.7,444,158,89,Z3|C|RE,True,False,,https://www.nssctf.cn/problem/2958
3848,[LitCTF 2023]程序和人有一个能跑就行了,1,2.8,427,401,172,RC4|动态调试|C++|语言逆向|rc4,True,False,,https://www.nssctf.cn/problem/3848
3327,[MoeCTF 2022]ezTea,1,2.9,421,283,232,TEA|C|XTEA|算法分析|REVERSE,True,False,,https://www.nssctf.cn/problem/3327
4063,[CISCN 2023 初赛]babyRE,1,2.4,420,688,178,XOR|语言逆向,True,False,,https://www.nssctf.cn/problem/4063
3478,[HGAME 2023 week1]easyenc,1,2.5,410,328,98,XOR|C|逆向技术|REVERSE,True,False,,https://www.nssctf.cn/problem/3478
4596,[FSCTF 2023]EZRC4,1,2.5,400,418,185,RC4|C|算法分析|语言逆向|REVERSE,True,False,,https://www.nssctf.cn/problem/4596
3383,[MoeCTF 2021]逆向工程入门指北,1,2.2,392,237,65,逆向技术|语言逆向|C|REVERSE|入门,True,False,,https://www.nssctf.cn/problem/3383
3690,[GDOUCTF 2023]easy_pyc,1,2.3,392,108,65,Python|PYC|语言逆向|其他|pyc,True,False,,https://www.nssctf.cn/problem/3690
2976,[HNCTF 2022 WEEK2]getflag,1,2.6,390,215,70,patch|MFC|自定义逻辑|C|CheatEngine,True,False,,https://www.nssctf.cn/problem/2976
4521,[SWPUCTF 2023 秋季新生赛]base64,1,2.0,389,87,69,Base64|C|算法分析|语言逆向|REVERSE,True,False,,https://www.nssctf.cn/problem/4521
3395,[MoeCTF 2021]welcome_to_the_world_of_re,1,1.9,384,124,27,逆向技术|REVERSE|入门,True,False,,https://www.nssctf.cn/problem/3395
4632,[FSCTF 2023]signin,1,2.3,380,1236,65,UPX壳|脱壳|C++|REVERSE,True,False,,https://www.nssctf.cn/problem/4632
2908,[HNCTF 2022 Week1]CrackMe,1,2.9,377,1556,202,动态调试|Ollydbg|HOOK|C|控制流,True,False,,https://www.nssctf.cn/problem/2908
2649,[SWPUCTF 2022 新生赛]贪吃蛇,1,2.6,376,109,78,XOR|其他|keypatch|patch|REVERSE,True,False,,https://www.nssctf.cn/problem/2649
3106,[HNCTF 2022 WEEK4]checker,1,2.2,376,71,91,Base64|语言逆向|RE|前端JS逆向,True,False,,https://www.nssctf.cn/problem/3106
4597,[FSCTF 2023]Xor,1,2.1,368,453,78,XOR|语言逆向|Python|REVERSE,True,False,,https://www.nssctf.cn/problem/4597
1315,[GKCTF 2020]Check_1n,1,2.3,366,169,81,C|逆向技术|逆向,True,False,,https://www.nssctf.cn/problem/1315
1103,[GXYCTF 2019]luck_guy,1,2.6,364,188,79,动态调试|C++|patch|控制流|逆向,True,False,,https://www.nssctf.cn/problem/1103
2877,[SWPUCTF 2022 新生赛]pypy,1,2.5,355,19,87,RC4|Python|PYC|RE|pyc,True,False,,https://www.nssctf.cn/problem/2877
3030,[HNCTF 2022 WEEK3]Double,1,2.4,351,45,71,XOR|C|自定义逻辑|RE|双进程,True,False,,https://www.nssctf.cn/problem/3030
1111,[AFCTF 2018]凯撒,1,2.5,338,178,126,C|逆向|凯撒,True,False,,https://www.nssctf.cn/problem/1111
3692,[GDOUCTF 2023]doublegame,1,3.3,326,536,90,迷宫|patch|CheatEngine|C,True,False,,https://www.nssctf.cn/problem/3692
253,[GWCTF 2019]xxor,1,2.9,325,266,145,TEA|Z3|算法分析|逆向 |tea,True,False,,https://www.nssctf.cn/problem/253
3595,[HZNUCTF 2023 final]虽然他送了我玫瑰花,1,2.7,324,226,174,花指令|C|大小端序|逆向技术|REVERSE,True,False,,https://www.nssctf.cn/problem/3595
3847,[LitCTF 2023]debase64,1,3.0,324,262,175,算法分析|Base64|语言逆向|C|BASE64,True,False,,https://www.nssctf.cn/problem/3847
4525,[SWPUCTF 2023 秋季新生赛]Junk Code,1,2.5,318,105,93,花指令|XOR|逆向技术|REVERSE,True,False,,https://www.nssctf.cn/problem/4525
3793,[HDCTF 2023]fake_game,2,2.7,305,656,79,Python|XOR|Z3|Reverse,True,False,,https://www.nssctf.cn/problem/3793
2954,[HNCTF 2022 WEEK2]Easy_Android,4,2.6,303,477,92,安卓逆向|JAVA|动态调试|RE|代码分析,True,False,,https://www.nssctf.cn/problem/2954
3479,[HGAME 2023 week1]a_cup_of_tea,21,2.8,286,301,129,TEA|XTEA|C|大小端序|REVERSE,True,False,,https://www.nssctf.cn/problem/3479
83,[watevrCTF 2019]Timeout,25,1.9,282,45,66,逆向技术|C|patch|逆向,True,False,,https://www.nssctf.cn/problem/83
1234,[网鼎杯 2020 青龙组]jocker,25,3.0,282,336,173,SMC|反调试|花指令|逆向|堆栈不平衡,True,False,,https://www.nssctf.cn/problem/1234
6482,[青海民族大学 2025 新生赛]你的flag被加密啦！,27,2.9,280,341,137,Python|算法分析|逆向技术|语言逆向|REVERSE,True,False,,https://www.nssctf.cn/problem/6482
3850,[LitCTF 2023]For Aiur,31,2.8,276,134,95,Python|python,True,False,,https://www.nssctf.cn/problem/3850
1127,[MTCTF 2021]Random,34,2.6,273,171,87,动态调试|XOR|中断|逆向|异或,True,False,,https://www.nssctf.cn/problem/1127
3177,[NUSTCTF 2022 新生赛]ezPy,35,2.2,272,245,81,Python|逆向技术|RE|签到题,True,False,,https://www.nssctf.cn/problem/3177
2225,[NSSRound#2 Able]findxenny,54,3.0,253,107,134,SMC|语言逆向|REVERSE|C++|XOR,True,False,,https://www.nssctf.cn/problem/2225
64,[zer0pts 2020]easy strcmp,63,2.8,244,388,92,C|语言逆向|HOOK|逆向,True,False,,https://www.nssctf.cn/problem/64
3593,[HZNUCTF 2023 preliminary]easyAPK,67,2.7,240,185,89,安卓逆向|JAVA|REVERSE|apk,True,False,,https://www.nssctf.cn/problem/3593
6481,[青海民族大学 2025 新生赛]简单的逆向,68,2.1,239,241,118,Python|逆向技术|符号表|REVERSE,True,False,,https://www.nssctf.cn/problem/6481
3502,[HGAME 2023 week2]stream,73,2.5,234,100,55,Python|RC4|Base64|REVERSE,True,False,"{'id': 38, 'state': 0, 'submission_count': 0}",https://www.nssctf.cn/problem/3502
3790,[HDCTF 2023]enc,75,3.1,232,119,127,SMC|TEA|RC4|动态调试|Reverse,True,False,,https://www.nssctf.cn/problem/3790
3504,[HGAME 2023 week2]math,83,2.9,224,98,68,Z3|REVERSE,True,False,,https://www.nssctf.cn/problem/3504
5622,[LitCTF 2024]编码喵,86,2.5,221,120,41,C++|Base64,True,True,,https://www.nssctf.cn/problem/5622
4610,[FSCTF 2023]MINE SWEEPER,89,1.9,218,182,26,C++|语言逆向|逆向技术|REVERSE,True,False,,https://www.nssctf.cn/problem/4610
3324,[MoeCTF 2022]D_flat,90,2.5,217,126,53,C#|逆向技术|REVERSE|算法分析,True,False,,https://www.nssctf.cn/problem/3324
3392,[MoeCTF 2021]Realezpy,91,2.3,216,267,36,Python|逆向技术|REVERSE|uncompyle6,True,False,,https://www.nssctf.cn/problem/3392
346,[长城杯 2021 政企组]魔鬼凯撒的RC4茶室,93,3.5,214,189,162,逆向技术|RC4|脱壳|动态调试|凯撒,True,False,,https://www.nssctf.cn/problem/346
411,[SWPUCTF 2021 新生赛]PYRE,95,2.9,212,41,80,RC4|Base64|Python|PYC|逆向,True,False,,https://www.nssctf.cn/problem/411
2147,[NSSCTF 2022 Spring Recruit]easy Pe,96,2.6,211,194,44,音视频隐写|C++|行为分析,True,False,,https://www.nssctf.cn/problem/2147
613,[柏鹭杯 2021]baby_go,97,2.4,210,96,48,Golang|语言逆向|逆向,True,False,,https://www.nssctf.cn/problem/613
2955,[HNCTF 2022 WEEK2]Try2Bebug_Plus,104,2.6,203,130,64,动态调试|逆向技术|TEA|RE|ELF,True,False,,https://www.nssctf.cn/problem/2955
4631,[FSCTF 2023]ez_pycxor,105,2.4,202,71,57,Python|语言逆向|XOR|REVERSE,True,False,,https://www.nssctf.cn/problem/4631
5821,[SWPU 2024 新生引导]我要蛇了,105,2.3,202,35,87,C,True,False,,https://www.nssctf.cn/problem/5821
2878,[SWPUCTF 2022 新生赛]android2,112,2.6,195,42,57,安卓逆向|XOR|JAVA|RE|apk,True,False,,https://www.nssctf.cn/problem/2878
3388,[MoeCTF 2021]EinfachRe,112,2.2,195,83,33,XOR|C|REVERSE,True,False,,https://www.nssctf.cn/problem/3388
231,[羊城杯 2021]BabySmc,115,3.4,192,96,111,Base64|SMC|XOR|动态调试|逆向,True,False,,https://www.nssctf.cn/problem/231
3792,[HDCTF 2023]double_code,118,3.1,189,118,57,Reverse|shellcode,True,False,,https://www.nssctf.cn/problem/3792
5623,[LitCTF 2024]hello_upx,119,2.9,188,120,81,大小端序|UPX壳|脱壳|逆向技术,True,False,,https://www.nssctf.cn/problem/5623
3031,[HNCTF 2022 WEEK3]Try2debugPlusPlus,121,2.5,186,173,76,TEA|反调试|RE|动态调试|xtea,True,False,,https://www.nssctf.cn/problem/3031
4528,[SWPUCTF 2023 秋季新生赛]test your cmd,124,1.7,183,36,30,逆向技术|C|自定义逻辑|动态调试|REVERSE,True,False,,https://www.nssctf.cn/problem/4528
3329,[MoeCTF 2022]fake_key,126,2.3,181,80,71,XOR|动态调试|C|REVERSE,True,False,,https://www.nssctf.cn/problem/3329
614,[柏鹭杯 2021]baby_python,128,3.5,179,112,86,Python|Z3|PYC|逆向,True,False,,https://www.nssctf.cn/problem/614
3325,[MoeCTF 2022]EquationPy,128,3.2,179,49,43,逆向技术|Z3|PYC|REVERSE|Python,True,False,,https://www.nssctf.cn/problem/3325
5612,[LitCTF 2024]ezrc4,134,3.1,173,107,84,RC4|反调试|TLS|逆向技术|C,True,False,,https://www.nssctf.cn/problem/5612
402,[SWPUCTF 2021 新生赛]简单的逻辑,141,2.8,166,241,127,自定义逻辑|Z3|Python|逆向,True,False,,https://www.nssctf.cn/problem/402
3033,[HNCTF 2022 WEEK3]What's 1n DLL?,141,3.1,166,50,73,XTEA|UPX壳|脱壳|RE|dll,True,False,,https://www.nssctf.cn/problem/3033
5061,[NSSRound#16 Basic]test your Debugger,143,2.4,164,16,44,动态调试|反调试|C|REVERSE,True,False,,https://www.nssctf.cn/problem/5061
341,[长城杯 2021 院校组]Just_cmp-re,149,2.2,158,180,68,逆向技术|逆向,True,False,,https://www.nssctf.cn/problem/341
3108,[HNCTF 2022 WEEK4]ez_maze,149,2.9,158,97,60,DFS|BFS|RE|dfs|python,True,False,,https://www.nssctf.cn/problem/3108
3540,[NSSRound#X Basic]ez_z3,154,3.0,153,130,101,Z3|UPX壳|脱壳|逆向技术|Reverse,True,False,,https://www.nssctf.cn/problem/3540
4598,[FSCTF 2023]Tea_apk,154,2.9,153,103,60,TEA|XTEA|安卓逆向|JAVA,True,False,,https://www.nssctf.cn/problem/4598
4533,[SWPUCTF 2023 秋季新生赛]IDA动态调试,155,2.3,152,28,84,动态调试|逆向技术|REVERSE,True,False,,https://www.nssctf.cn/problem/4533
2498,[强网杯 2022]GameMaster,160,3.8,147,62,81,Z3|C#|.NET|XOR|算法分析,True,False,,https://www.nssctf.cn/problem/2498
3597,[HZNUCTF 2023 final]signin,160,2.4,147,36,72,RC4|脱壳|UPX壳|REVERSE|rc4,True,False,,https://www.nssctf.cn/problem/3597
7305,[SWPUCTF 2025 秋季新生赛]一种很新的签到,162,2.9,145,81,79,逆向技术|符号表|REVERSE,True,False,,https://www.nssctf.cn/problem/7305
6795,[LitCTF 2025]easy_rc4,168,3.2,139,94,106,RC4|C|patch|XOR|MOBILE,True,False,,https://www.nssctf.cn/problem/6795
3521,[HGAME 2023 week4]vm,169,3.9,138,183,144,VM|VMP|C|C++|REVERSE,True,False,,https://www.nssctf.cn/problem/3521
3591,[HZNUCTF 2023 preliminary]Bytecode,172,2.0,135,85,26,Python|bytecode|自定义逻辑|REVERSE|python字节码,True,False,,https://www.nssctf.cn/problem/3591
5613,[LitCTF 2024]ezpython！！！！！,172,2.8,135,78,72,Python|Base64|REVERSE,True,False,,https://www.nssctf.cn/problem/5613
2186,[NISACTF 2022]鸣神的国土,176,2.5,131,58,43,Base64|自定义逻辑|REVERSE|ROT|base64,True,False,,https://www.nssctf.cn/problem/2186
4535,[SWPUCTF 2023 秋季新生赛]字节码,180,2.0,127,10,36,Python|bytecode|REVERSE,True,False,,https://www.nssctf.cn/problem/4535
3592,[HZNUCTF 2023 preliminary]checkin,181,1.9,126,151,20,大小端序|逆向技术|REVERSE,True,False,,https://www.nssctf.cn/problem/3592
2359,[SDCTF 2022]A Bowl of Pythons,182,2.3,125,178,38,Python|XOR|自定义逻辑|Reverse|算法分析,True,False,,https://www.nssctf.cn/problem/2359
2473,[NSSRound#4 SWPU]hide_and_seek,182,2.5,125,111,48,反调试|动态调试|keypatch|patch|REVERSE,True,False,,https://www.nssctf.cn/problem/2473
3510,[HGAME 2023 week3]kunmusic,183,2.9,124,51,58,Z3|C#|XOR|REVERSE,True,False,,https://www.nssctf.cn/problem/3510
841,[CISCN 2021初赛]babybc,184,3.8,123,173,108,Z3|逆向技术|算法分析|LLVM,True,False,,https://www.nssctf.cn/problem/841
3390,[MoeCTF 2021]midpython,185,2.2,122,37,28,Python|自定义逻辑|REVERSE,True,False,,https://www.nssctf.cn/problem/3390
250,[GWCTF 2019]babyvm,189,3.7,118,107,107,VM|bytecode|逆向技术|反调试|逆向 ,True,False,,https://www.nssctf.cn/problem/250
4366,[羊城杯 2023]CSGO,192,3.0,115,70,68,Base64|Golang|反调试|REVERSE,True,False,,https://www.nssctf.cn/problem/4366
5929,[SWPUCTF 2024 秋季新生赛]签到？,196,2.9,111,22,73,XOR|REVERSE,True,False,,https://www.nssctf.cn/problem/5929
1232,[网鼎杯 2020 青龙组]singal,197,3.5,110,50,54,VM|控制流|模拟器|C|语言逆向,True,False,,https://www.nssctf.cn/problem/1232
1999,[WUSTCTF 2020]level4,197,3.1,110,76,49,算法分析|语言逆向|Reverse|二叉树,True,False,,https://www.nssctf.cn/problem/1999
5934,[SWPUCTF 2024 秋季新生赛]又是签到！？,198,2.1,109,52,39,逆向技术|安卓逆向|REVERSE,True,False,,https://www.nssctf.cn/problem/5934
3382,[MoeCTF 2021]大佬请喝coffee,203,2.3,106,36,22,JAVA|Z3|REVERSE,True,False,,https://www.nssctf.cn/problem/3382
3687,[GDOUCTF 2023]L！s！,203,3.8,106,97,42,Bindiff,True,True,,https://www.nssctf.cn/problem/3687
7057,[Reisen]NSSCTF2025入门题目-Xor,203,3.7,106,38,53,逆向技术|C|语言逆向|XOR,True,True,,https://www.nssctf.cn/problem/7057
4524,[SWPUCTF 2023 秋季新生赛]Funny CSharp,205,2.3,105,32,47,XOR|C#|REVERSE,True,False,,https://www.nssctf.cn/problem/4524
3318,[MoeCTF 2022]Art,207,2.9,104,30,30,DFS|脱壳|REVERSE|UPX壳,True,False,,https://www.nssctf.cn/problem/3318
3007,[NSSRound#6 Team]void(V1),215,2.9,100,22,40,Base64|动态调试|REVERSE|constructor|base64,True,False,,https://www.nssctf.cn/problem/3007
5940,[SWPUCTF 2024 秋季新生赛]不是，哥们，还有签到？,217,2.7,99,14,23,REVERSE,True,False,,https://www.nssctf.cn/problem/5940
3522,[HGAME 2023 week4]shellcode,221,2.7,97,94,66,TEA|REVERSE|tea|base64|文件操作,True,False,,https://www.nssctf.cn/problem/3522
504,[广东强网杯 2021 个人组]goodpy,223,3.0,96,131,37,Python|bytecode|语言逆向|逆向,True,False,,https://www.nssctf.cn/problem/504
4523,[SWPUCTF 2023 秋季新生赛]Easy SMC,223,2.8,96,56,61,SMC|C|REVERSE,True,False,,https://www.nssctf.cn/problem/4523
5193,[GHCTF 2024 新生赛]UP+,223,2.6,96,24,60,RC4|C|XOR|REVERSE,True,False,,https://www.nssctf.cn/problem/5193
3511,[HGAME 2023 week3]patchme,225,2.8,95,41,31,SMC|patch|REVERSE,True,False,,https://www.nssctf.cn/problem/3511
3032,[HNCTF 2022 WEEK3]Help_Me!,231,2.5,92,43,43,自定义逻辑|RE|动态规划,True,False,,https://www.nssctf.cn/problem/3032
7062,[Reisen]NSSCTF2025入门题目-Rc4,235,3.6,90,26,74,RC4|算法分析|C|语言逆向,True,True,,https://www.nssctf.cn/problem/7062
1114,[AFCTF 2018]吃豆子,241,3.0,87,86,39,迷宫|逆向,True,False,,https://www.nssctf.cn/problem/1114
3791,[HDCTF 2023]买了些什么呢,241,2.4,87,137,26,Reverse|背包问题|动态规划,True,False,,https://www.nssctf.cn/problem/3791
5936,[SWPUCTF 2024 秋季新生赛]怎么才能看见flag呢,241,2.1,87,9,20,REVERSE,True,False,,https://www.nssctf.cn/problem/5936
252,[GWCTF 2019]re3,243,3.0,86,33,34,SMC|IDC脚本|动态调试|算法分析|逆向 ,True,False,,https://www.nssctf.cn/problem/252
7058,[Reisen]NSSCTF2025入门题目-Base64,245,4.2,85,10,26,Base64|重定向表|C,True,True,,https://www.nssctf.cn/problem/7058
3328,[MoeCTF 2022]Fake_code,247,3.0,84,33,37,动态调试|XOR|REVERSE,True,False,,https://www.nssctf.cn/problem/3328
3689,[GDOUCTF 2023]润！,249,3.1,83,39,43,迷宫|C++|动态调试|脱壳|魔改UPX壳,True,False,,https://www.nssctf.cn/problem/3689
5985,[SWPUCTF 2024 秋季新生赛]动态调试,249,3.5,83,12,61,动态调试|RC4|逆向技术|C|自定义逻辑,True,False,,https://www.nssctf.cn/problem/5985
2000,[WUSTCTF 2020]funnyre,251,3.4,82,25,45,Angr|花指令|C|Reverse|抽象代数,True,False,,https://www.nssctf.cn/problem/2000
2540,[网鼎杯 2022 青龙组]fakeshell,257,2.7,79,144,50,UPX壳|XOR|脱壳|逆向技术,True,False,,https://www.nssctf.cn/problem/2540
3503,[HGAME 2023 week2]VidarCamera,257,3.3,79,23,40,TEA|逆向技术|安卓逆向|XTEA|REVERSE,True,False,,https://www.nssctf.cn/problem/3503
4052,[CISCN 2023 初赛]ezbyte,257,4.0,79,90,65,bytecode|VM|Rust|REVERSE,True,False,,https://www.nssctf.cn/problem/4052
1383,[GKCTF 2021]QQQQT,259,2.2,78,15,15,逆向技术|Reverse|QT|base58,True,False,,https://www.nssctf.cn/problem/1383
2528,[NSSRound#V Team]Shatter_Time,263,2.6,76,40,33,动态调试|C|REVERSE|内存修改|数据存储,True,False,,https://www.nssctf.cn/problem/2528
3326,[MoeCTF 2022]EzRisc-V,265,2.6,75,27,32,Risc-V|REVERSE,True,False,,https://www.nssctf.cn/problem/3326
3107,[HNCTF 2022 WEEK4]flower plus,267,2.5,74,26,93,花指令|RC4|XOR|RE|IDApython,True,False,,https://www.nssctf.cn/problem/3107
6526,[GHCTF 2025]FishingKit,267,4.0,74,56,82,HOOK|逆向技术|动态调试|REVERSE,True,True,,https://www.nssctf.cn/problem/6526
3594,[HZNUCTF 2023 preliminary]flower,271,2.8,72,19,38,花指令|RC4|REVERSE|rc4,True,False,,https://www.nssctf.cn/problem/3594
2040,[NISACTF 2022]tears_confusion,277,3.2,69,21,43,动态调试|REVERSE|反编译|混淆|RC4,True,False,,https://www.nssctf.cn/problem/2040
2328,[SUCTF 2018 招新赛]hash,277,2.5,69,96,39,算法分析|逆向技术|REVERSE|MD5|代码分析,True,False,,https://www.nssctf.cn/problem/2328
3797,[HDCTF2023]basketball,277,3.5,69,60,34,Reverse,True,False,,https://www.nssctf.cn/problem/3797
956,[NCTF 2018]wcyvm,281,2.6,67,23,34,VM|大小端序|虚函数表|自定义逻辑|逆向,True,False,,https://www.nssctf.cn/problem/956
4526,[SWPUCTF 2023 秋季新生赛]Redirect,285,2.6,65,8,34,RC4|REVERSE,True,False,,https://www.nssctf.cn/problem/4526
6796,[LitCTF 2025]easy_tea,287,3.0,64,24,104,花指令|TEA|REVERSE,True,False,,https://www.nssctf.cn/problem/6796
5223,[GHCTF 2024 新生赛]穿越反恐火线精英,289,3.6,63,44,70,反调试|花指令|RC4,True,False,,https://www.nssctf.cn/problem/5223
79,[watevrCTF 2019]esreveR,293,2.6,61,28,40,逆向,True,False,,https://www.nssctf.cn/problem/79
3384,[MoeCTF 2021]A_game,293,3.1,61,23,26,逆向技术|REVERSE|数独,True,False,,https://www.nssctf.cn/problem/3384
4551,[SWPUCTF 2023 秋季新生赛]蟒蛇中文破解绿色版,295,2.3,60,24,33,Python|Base64|REVERSE,True,False,,https://www.nssctf.cn/problem/4551
5824,[SWPU 2024 新生引导]cancan你的经文,295,2.0,60,17,20,Python|自定义逻辑|PYC|XOR,True,False,,https://www.nssctf.cn/problem/5824
4053,[CISCN 2023 初赛]moveAside,297,4.2,59,40,50,插桩|REVERSE,True,False,,https://www.nssctf.cn/problem/4053
4257,[NSSCTF 2nd]MyBase,297,3.5,59,11,33,Base64|动态调试|C|逆向技术|控制流,True,False,,https://www.nssctf.cn/problem/4257
376,[长安杯 2021学生组]snake,300,2.9,58,88,47,逆向|game|re|patch,True,False,,https://www.nssctf.cn/problem/376
5941,[SWPUCTF 2024 秋季新生赛]re4,300,2.1,58,28,41,动态调试|反调试|XOR|Base64|REVERSE,True,False,,https://www.nssctf.cn/problem/5941
324,[第五空间 2021]StrangeLanguage,303,3.2,57,25,27,逆向|B&F|动态调试|pyexe逆向,True,False,,https://www.nssctf.cn/problem/324
704,[BJDCTF 2020]BJD hamburger competition,303,2.3,57,96,19,C#|.NET|逆向,True,False,,https://www.nssctf.cn/problem/704
5381,[NSSRound#22 Basic]EzHook,303,3.6,57,20,30,HOOK|XTEA|PE结构,True,True,,https://www.nssctf.cn/problem/5381
7059,[Reisen]NSSCTF2025入门题目-Debug,306,4.1,56,5,29,动态调试|C,True,True,,https://www.nssctf.cn/problem/7059
4522,[SWPUCTF 2023 秋季新生赛]Char And Int,309,3.0,55,25,16,REVERSE,True,False,,https://www.nssctf.cn/problem/4522
1884,[HGAME 2022 week4]WOW,315,3.3,53,18,26,动态调试|Reverse|patch,True,False,,https://www.nssctf.cn/problem/1884
2405,[CISCN 2022 东北]happymath,318,3.5,52,21,48,自定义逻辑|C|RE,True,False,,https://www.nssctf.cn/problem/2405
6525,[GHCTF 2025]ASM?Signin!,318,3.2,52,93,71,ASM|REVERSE,True,True,,https://www.nssctf.cn/problem/6525
7067,[Reisen]NSSCTF2025入门题目-Tea,324,3.6,50,13,43,TEA|算法分析|C,True,True,,https://www.nssctf.cn/problem/7067
3512,[HGAME 2023 week3]cpp,327,2.5,49,24,29,REVERSE,True,False,,https://www.nssctf.cn/problem/3512
7061,[zzz26]NSSCTF2025入门题目-ida的使用,330,4.5,48,123,51,逆向技术|patch|REVERSE,True,True,,https://www.nssctf.cn/problem/7061
6851,[网络与数据安全挑战赛 2025]easyReee,333,3.5,47,29,28,XOR|逆向技术|算法分析|语言逆向,True,True,,https://www.nssctf.cn/problem/6851
4367,[羊城杯 2023]Blast,336,3.0,46,56,34,动态调试|REVERSE,True,False,,https://www.nssctf.cn/problem/4367
5931,[SWPUCTF 2024 秋季新生赛]wc，穹！！！,336,2.5,46,1,24,PYC|Base64|REVERSE,True,False,,https://www.nssctf.cn/problem/5931
4256,[NSSCTF 2nd]MyAPK,339,3.5,45,108,35,JAVA|安卓逆向,True,False,,https://www.nssctf.cn/problem/4256
2341,[CISCN 2022 初赛]baby_tree,342,2.8,44,19,30,Reverse|.ast|轮加密|XOR,True,False,,https://www.nssctf.cn/problem/2341
4278,[NSSCTF 2nd]Bytecode,342,3.5,44,19,16,bytecode|Python|RC4,True,False,,https://www.nssctf.cn/problem/4278
6406,[NSSRound#27 Basic]easyre,342,2.7,44,15,49,C|花指令|动态调试|自定义逻辑|REVERSE,True,False,,https://www.nssctf.cn/problem/6406
3008,[NSSRound#6 Team]void(V2),345,2.6,43,10,18,反调试|动态调试|REVERSE|constructor|base64,True,False,,https://www.nssctf.cn/problem/3008
7068,[Reisen]NSSCTF2025入门题目-UPX,345,3.1,43,33,44,C|UPX壳,True,True,,https://www.nssctf.cn/problem/7068
6547,[GHCTF 2025]Mio？Ryo？Soyo？,348,4.1,42,19,56,Python|REVERSE,True,True,,https://www.nssctf.cn/problem/6547
200,[RoarCTF 2019]polyre,351,3.4,41,21,33,自定义逻辑|控制流平坦化|逆向,True,True,,https://www.nssctf.cn/problem/200
4614,[FSCTF 2023]ezcode,351,2.2,41,19,13,VMP|Python|RC4|REVERSE,True,False,,https://www.nssctf.cn/problem/4614
5378,[NSSRound#22 Basic]简简又单单,351,4.3,41,12,31,安卓逆向,True,True,,https://www.nssctf.cn/problem/5378
1113,[AFCTF 2018]简单编码,354,3.7,40,10,20,Python|逆向|python,True,False,,https://www.nssctf.cn/problem/1113
1183,[FBCTF 2019]Go get the flag!,354,2.4,40,59,21,逆向,True,False,,https://www.nssctf.cn/problem/1183
5194,[GHCTF 2024 新生赛]ezam,354,2.6,40,138,19,REVERSE,True,False,,https://www.nssctf.cn/problem/5194
5791,[羊城杯 2024]你这主函数保真么,354,3.5,40,54,49,自定义逻辑|C++|C|算法分析|REVERSE,True,False,,https://www.nssctf.cn/problem/5791
7075,[Reisen]NSSCTF2025入门题目-Vm~,354,3.4,40,14,29,逆向技术|C|VM,True,True,,https://www.nssctf.cn/problem/7075
7310,[SWPUCTF 2025 秋季新生赛]Ultimate Packer for eXecutables,354,3.2,40,10,37,UPX壳|脱壳|逆向技术|XOR|REVERSE,True,False,,https://www.nssctf.cn/problem/7310
630,[广东强网杯 2021 团队组]simplere,357,2.7,39,59,24,Base64|迷宫|动态调试|逆向,True,False,,https://www.nssctf.cn/problem/630
6409,[NSSRound#27 Basic]EzCpp,357,3.2,39,57,23,逆向技术,True,True,,https://www.nssctf.cn/problem/6409
1128,[MTCTF 2021]wow,360,3.8,38,16,38,逆向|XXTEA,True,False,,https://www.nssctf.cn/problem/1128
1886,[HGAME 2022 week4]ezvm,360,3.6,38,14,34,VM|动态调试|C|Reverse|vm,True,False,,https://www.nssctf.cn/problem/1886
3389,[MoeCTF 2021]ez_Algorithm,363,2.1,37,15,12,REVERSE|算法分析|递推,True,False,,https://www.nssctf.cn/problem/3389
4576,[香山杯 2023]URL从哪儿来,363,2.7,37,28,23,动态调试|REVERSE,True,False,,https://www.nssctf.cn/problem/4576
4612,[FSCTF 2023]ezbroke,363,2.9,37,21,15,VM|逆向技术|脱壳|UPX壳|REVERSE,True,False,,https://www.nssctf.cn/problem/4612
5825,[SWPU 2024 新生引导]ZIP,363,2.6,37,70,44,UPX壳|C|REVERSE,True,False,,https://www.nssctf.cn/problem/5825
5937,[SWPUCTF 2024 秋季新生赛]这也是py！？,363,2.6,37,14,16,Python|REVERSE,True,False,,https://www.nssctf.cn/problem/5937
2527,[NSSRound#V Team]untouchable,366,2.9,36,11,23,动态调试|RC4|REVERSE|patch,True,False,,https://www.nssctf.cn/problem/2527
5210,[yj233]ezdbg,366,2.9,36,28,27,脱壳|逆向技术|反调试|花指令|动态调试,True,True,,https://www.nssctf.cn/problem/5210
3446,[西湖论剑 2022]BabyRE,369,3.8,35,28,23,Reverse|rc4|sha1|反调试|init,True,False,,https://www.nssctf.cn/problem/3446
4613,[FSCTF 2023]rrrrust!!!,369,2.8,35,25,23,Rust|REVERSE,True,False,,https://www.nssctf.cn/problem/4613
6527,[GHCTF 2025]LockedSecret,369,3.1,35,13,79,UPX壳|TEA|REVERSE,True,True,,https://www.nssctf.cn/problem/6527
3029,[HNCTF 2022 WEEK3]CM2,372,2.3,34,3,22,动态调试|RE|QT,True,False,,https://www.nssctf.cn/problem/3029
5191,[GHCTF 2024 新生赛].?.s.?,375,2.6,33,7,21,ASM|XOR|REVERSE,True,False,,https://www.nssctf.cn/problem/5191
5930,[SWPUCTF 2024 秋季新生赛]md5也能爆破？,375,3.9,33,38,59,算法分析,True,False,,https://www.nssctf.cn/problem/5930
6813,[LitCTF 2025]pickle,375,3.4,33,5,48,Python|bytecode|自定义逻辑,True,False,,https://www.nssctf.cn/problem/6813
7084,[Reisen]NSSCTF2025入门题目-Maze,375,3.8,33,116,35,迷宫|C,True,True,,https://www.nssctf.cn/problem/7084
1414,[羊城杯 2020]babyre,378,3.0,32,12,32,SMC|RC4|DFS|Reverse|AES,True,False,,https://www.nssctf.cn/problem/1414
2406,[CISCN 2022 东北]hana,378,3.1,32,12,27,MFC|脱壳|RC4|REVERSE|易语言,True,False,,https://www.nssctf.cn/problem/2406
3321,[MoeCTF 2022]Broken_hash,378,2.8,32,16,14,patch|REVERSE|C|反调试,True,False,,https://www.nssctf.cn/problem/3321
3387,[MoeCTF 2021]clothes,378,2.8,32,12,14,脱壳|XOR|REVERSE|aspack,True,False,,https://www.nssctf.cn/problem/3387
3452,[长城杯 2022 高校组]baby_re,378,3.8,32,26,35,逆向技术|脱壳|REVERSE,True,False,,https://www.nssctf.cn/problem/3452
5192,[GHCTF 2024 新生赛]Ez_asm,378,3.1,32,42,18,REVERSE,True,False,,https://www.nssctf.cn/problem/5192
5932,[SWPUCTF 2024 秋季新生赛]好像也是py？,378,4.7,32,75,21,Python|REVERSE,True,False,,https://www.nssctf.cn/problem/5932
5935,[SWPUCTF 2024 秋季新生赛]flower？,378,2.8,32,44,22,REVERSE,True,False,,https://www.nssctf.cn/problem/5935
7309,[SWPUCTF 2025 秋季新生赛]ez_tea,378,4.1,32,11,63,反调试|SMC|XTEA|HOOK|REVERSE,True,False,,https://www.nssctf.cn/problem/7309
5908,[yeran]easy_C,381,2.2,31,52,11,REVERSE,True,False,,https://www.nssctf.cn/problem/5908
5080,[NSSRound#17 Basic]snake,384,3.0,30,21,11,动态调试|Golang|REVERSE,True,False,,https://www.nssctf.cn/problem/5080
5110,[NSSRound#18 Basic]炒鸡常见的编码哇,384,4.2,30,12,51,Base64|C|自定义逻辑|算法分析,True,False,,https://www.nssctf.cn/problem/5110
5341,[bamuwe]周四一键出flag,384,2.1,30,48,19,脱壳|反调试,True,False,,https://www.nssctf.cn/problem/5341
5938,[SWPUCTF 2024 秋季新生赛]这来做点数学题吧,384,3.2,30,5,18,Z3|语言逆向|C|逆向技术|REVERSE,True,False,,https://www.nssctf.cn/problem/5938
2329,[SUCTF 2018 招新赛]HelloPython,387,1.3,29,41,13,REVERSE|pyc逆向|TEA,True,False,,https://www.nssctf.cn/problem/2329
5190,[GHCTF 2024 新生赛]crackMe,387,3.5,29,37,51,REVERSE,True,False,,https://www.nssctf.cn/problem/5190
6794,[LitCTF 2025]FeatureExtraction,387,3.2,29,7,48,C|自定义逻辑|REVERSE,True,False,,https://www.nssctf.cn/problem/6794
7087,[Reisen]NSSCTF2025入门题目-Unity,387,3.7,29,59,35,C#,True,True,,https://www.nssctf.cn/problem/7087
751,[suctf 2019]signin,390,3.7,28,9,17,逆向,True,False,,https://www.nssctf.cn/problem/751
1102,[GXYCTF 2019]simple CPP,390,3.1,28,40,28,逆向|z3,True,False,,https://www.nssctf.cn/problem/1102
3393,[MoeCTF 2021]RedC4Bomb,390,2.5,28,4,18,RC4|REVERSE|花指令,True,False,,https://www.nssctf.cn/problem/3393
7093,[Reisen]NSSCTF2025入门题目-JS太鼓达人,390,4.0,28,8,31,逆向技术|RC4,True,True,,https://www.nssctf.cn/problem/7093
929,[justCTF 2020]That's not crypto,393,3.0,27,9,16,逆向|pyc反编译,True,False,,https://www.nssctf.cn/problem/929
1227,[MTCTF 2021 final]pyc,393,3.1,27,15,32,PYC|Python|逆向,True,False,,https://www.nssctf.cn/problem/1227
2542,[网鼎杯 2022 青龙组]Handmake,393,0.9,27,46,35,Golang|REVERSE,True,False,,https://www.nssctf.cn/problem/2542
7064,[zzz26]NSSCTF2025入门题目-认识asm,393,3.4,27,7,23,REVERSE,True,True,,https://www.nssctf.cn/problem/7064
728,[安洵杯 2019]Game,396,3.8,26,16,14,平坦化|控制流|逆向,True,False,,https://www.nssctf.cn/problem/728
3386,[MoeCTF 2021]baby_bc,396,4.0,26,8,24,REVERSE|LLVM|RC4,True,False,,https://www.nssctf.cn/problem/3386
5090,[NCTF 2023]中文编程1,396,2.8,26,14,15,REVERSE,True,False,,https://www.nssctf.cn/problem/5090
6344,[长城杯 2024]dump,396,3.3,26,112,54,REVERSE,True,False,,https://www.nssctf.cn/problem/6344
41,[SWPU 2019]ReverseMe,399,3.9,25,12,38,动态调试|C|patch|XOR|逆向,True,False,,https://www.nssctf.cn/problem/41
593,[领航杯江苏省赛 2021]REVERSE GetFlag,399,3.6,25,14,20,安卓逆向|REVERSE,True,False,,https://www.nssctf.cn/problem/593
4368,[羊城杯 2023]Ez加密器,399,3.3,25,14,10,REVERSE,True,False,,https://www.nssctf.cn/problem/4368
7306,[SWPUCTF 2025 秋季新生赛]fl~ow~er~,399,2.6,25,27,40,花指令|WEB,True,False,,https://www.nssctf.cn/problem/7306
727,[安洵杯 2019]crackme,403,2.8,24,12,32,Base64|逆向|SM4|VEH|异常,True,False,,https://www.nssctf.cn/problem/727
2171,[虎符CTF 2022]fpbe,403,1.3,24,11,12,Reverse|动态调试|Z3,True,False,,https://www.nssctf.cn/problem/2171
2415,[鹏城杯 2022]rota,403,1.8,24,1,16,REVERSE|动态调试|Base64,True,False,,https://www.nssctf.cn/problem/2415
3394,[MoeCTF 2021]time2go,403,3.2,24,13,10,Golang|patch|REVERSE|keypatch,True,False,,https://www.nssctf.cn/problem/3394
6799,[LitCTF 2025]Robbie Wanna Revenge,403,2.9,24,89,60,逆向技术|UPX壳|脱壳|REVERSE,True,False,,https://www.nssctf.cn/problem/6799
2326,[SUCTF 2018 招新赛]basic-re,407,1.0,23,8,19,REVERSE|暴力破解,True,False,,https://www.nssctf.cn/problem/2326
3443,[西湖论剑 2022]Dual personality,407,4.0,23,5,18,Reverse|汇编|反调试|虚拟化,True,False,,https://www.nssctf.cn/problem/3443
4365,[羊城杯 2023]vm_wo,407,4.2,23,6,23,VM|反调试|ptrace|ARM|REVERSE,True,False,,https://www.nssctf.cn/problem/4365
5068,[NSSRound#16 Basic]CompileMe!!!,407,3.6,23,6,12,C#|TEA|REVERSE,True,False,,https://www.nssctf.cn/problem/5068
1120,[AFCTF 2018]smc,411,3.3,22,23,36,动态调试|逆向|SMC,True,False,,https://www.nssctf.cn/problem/1120
2173,[NISACTF 2022]sad_MAZE,411,2.8,22,65,23,REVERSE|迷宫|C++|花指令,True,False,,https://www.nssctf.cn/problem/2173
2601,[HUBUCTF 2022 新生赛]Anger？Angr,411,0.9,22,80,38,REVERSE|约束求解,True,False,,https://www.nssctf.cn/problem/2601
5079,[NSSRound#17 Basic]can_can_need_pxory,411,1.2,22,90,25,PYC|REVERSE,True,False,,https://www.nssctf.cn/problem/5079
6206,[lolipop]简单的逆向,411,2.5,22,36,55,C,True,True,,https://www.nssctf.cn/problem/6206
7045,[网谷杯 2025]加密与验证,411,2.0,22,29,9,动态调试|REVERSE,True,False,,https://www.nssctf.cn/problem/7045
7074,[Reisen]NSSCTF2025入门题目-pyc,411,3.5,22,8,29,逆向技术|PYC,True,True,,https://www.nssctf.cn/problem/7074
232,[羊城杯 2021]Babyvm,415,3.6,21,11,31,SMC|VM|逆向技术|逆向,True,False,,https://www.nssctf.cn/problem/232
1382,[GKCTF 2021]Crash,415,3.5,21,10,11,Reverse|golang|3DES,True,False,,https://www.nssctf.cn/problem/1382
1891,[SUSCTF 2022]DigitalCircuits,415,1.5,21,7,10,Reverse|数字电路|Python|pyc反编译,True,False,,https://www.nssctf.cn/problem/1891
3538,[NSSRound#X Basic]Just guess,415,3.2,21,7,11,逆向技术|VMP|Reverse|vmp|二分法,True,False,,https://www.nssctf.cn/problem/3538
5182,[GHCTF 2024 新生赛]CS2,415,3.8,21,11,31,C#,True,False,,https://www.nssctf.cn/problem/5182
5377,[NSSRound#22 Basic]ezcrypt,415,3.1,21,3,28,REVERSE,True,True,,https://www.nssctf.cn/problem/5377
6345,[长城杯 2024]ezCsky,415,5.0,21,17,49,RC4|其他|PE结构|C|REVERSE,True,False,,https://www.nssctf.cn/problem/6345
6434,[NSSRound#27 Basic]EzProcessStruct,415,3.1,21,4,24,逆向技术|Base64|C,True,True,,https://www.nssctf.cn/problem/6434
7071,[Harukaze]NSSCTF2025入门题目-XTea,415,3.7,21,4,17,XTEA,True,True,,https://www.nssctf.cn/problem/7071
1122,[AFCTF 2018]JPython,419,3.3,20,67,25,PYC|Python|逆向,True,False,,https://www.nssctf.cn/problem/1122
749,[suctf 2019]hardcpp,423,3.1,19,5,17,平坦化|逆向|控制流平坦化,True,False,,https://www.nssctf.cn/problem/749
1273,[EIS 2019]re1,423,2.2,19,99,26,反调试|ptrace|RC4|逆向,True,False,,https://www.nssctf.cn/problem/1273
2500,[强网杯 2022]easyre,423,4.8,19,48,48,ptrace|动态调试|逆向技术|SMC|REVERSE,True,False,,https://www.nssctf.cn/problem/2500
3539,[NSSRound#X Basic]Integer part,423,1.7,19,22,7,Reverse|函数堆栈|浮点数IEEE存储格式,True,False,,https://www.nssctf.cn/problem/3539
6522,[GHCTF 2025]Canon,423,4.2,19,13,39,RC4|Base64|REVERSE,True,False,,https://www.nssctf.cn/problem/6522
6617,[NSSRound#28 Team]动态调试,423,3.3,19,3,34,动态调试|XOR|C,True,False,,https://www.nssctf.cn/problem/6617
1275,[EIS 2019]re2,427,4.3,18,8,10,逆向,True,False,,https://www.nssctf.cn/problem/1275
1320,[GKCTF 2020]DbgIsFun,427,3.4,18,5,19,TLS|SMC|逆向,True,False,,https://www.nssctf.cn/problem/1320
5132,[NSSRound#18 Basic]GenshinWishSimulator,427,3.8,18,9,9,C#|Z3|REVERSE,True,False,,https://www.nssctf.cn/problem/5132
5693,[Szeyes]香蕉计数器.exe,427,3.5,18,13,20,脱壳|Python|IDC脚本,True,False,,https://www.nssctf.cn/problem/5693
5771,[NSSCTF 3rd]3rdSignin,427,3.0,18,86,30,REVERSE,True,False,,https://www.nssctf.cn/problem/5771
6561,[GHCTF 2025]Room 0,427,4.4,18,7,38,SMC|REVERSE,True,True,,https://www.nssctf.cn/problem/6561
7073,[Reisen]NSSCTF2025入门题目-Z3,427,2.7,18,24,25,C|Z3,True,True,,https://www.nssctf.cn/problem/7073
7308,[SWPUCTF 2025 秋季新生赛]来了嗷，常见加密大杂烩！,427,2.9,18,11,29,算法分析|REVERSE,True,False,,https://www.nssctf.cn/problem/7308
7312,[SWPUCTF 2025 秋季新生赛]debuggggg,427,2.7,18,62,36,C++|动态调试|REVERSE,True,False,,https://www.nssctf.cn/problem/7312
84,[watevrCTF 2019]Repyc,431,2.2,17,80,22,VM|逆向|pyc反编译,True,False,,https://www.nssctf.cn/problem/84
1101,[GXYCTF 2019]minecraft,431,1.0,17,259,46,逆向|base64,True,False,,https://www.nssctf.cn/problem/1101
1173,[CyBRICS 2019]Oldman,431,2.9,17,16,15,逆向,True,False,,https://www.nssctf.cn/problem/1173
3445,[西湖论剑 2022]Berkeley,431,4.0,17,4,23,Reverse,True,False,,https://www.nssctf.cn/problem/3445
954,[NCTF 2019]Our 16bit wars,435,2.3,16,0,18,逆向|汇编,True,False,,https://www.nssctf.cn/problem/954
1112,[AFCTF 2018]隐写术,435,0.5,16,39,47,逆向|隐写术,True,False,,https://www.nssctf.cn/problem/1112
1317,[GKCTF 2020]EzMachine,435,4.8,16,7,18,VM|逆向|虚拟机,True,False,,https://www.nssctf.cn/problem/1317
1885,[HGAME 2022 week4]server,435,3.3,16,2,28,动态调试|Reverse|RSA,True,False,,https://www.nssctf.cn/problem/1885
2358,[SDCTF 2022]Oracle,435,2.9,16,18,6,Reverse|算法分析|Java|反编译,True,False,,https://www.nssctf.cn/problem/2358
3243,[NCTF 2021]狗狗的秘密,435,3.8,16,25,50,REVERSE|SMC|xtea|base47,True,False,,https://www.nssctf.cn/problem/3243
3265,[NCTF 2022]just run it,435,3.2,16,3,35,动态调试|REVERSE|cosmopolitan|sm4,True,False,,https://www.nssctf.cn/problem/3265
3423,[NSSRound#7 Team]Tetris,435,2.4,16,19,9,REVERSE|Rust|Webassembly|动态调试,True,False,,https://www.nssctf.cn/problem/3423
3537,[NSSRound#X Basic]Real Ezcheck,435,3.2,16,2,8,Reverse|Verification|tea|爆破|Many-Time-Pad,True,False,,https://www.nssctf.cn/problem/3537
4064,[CISCN 2023 初赛]flutterror,435,4.0,16,11,39,XOR|安卓逆向,True,False,,https://www.nssctf.cn/problem/4064
5383,[NSSRound#22 Basic]Go!Go!Go!,435,4.4,16,1,20,Golang|RC4|C|PE结构,True,True,,https://www.nssctf.cn/problem/5383
5933,[SWPUCTF 2024 秋季新生赛]NSS茶馆！,435,3.3,16,13,30,REVERSE|TEA,True,False,,https://www.nssctf.cn/problem/5933
7173,[GCCCTF 2025]constraint,435,3.5,16,33,16,脱壳|Z3,True,False,,https://www.nssctf.cn/problem/7173
462,[鹤城杯 2021]Petition,439,3.0,15,20,16,逆向,True,False,,https://www.nssctf.cn/problem/462
3391,[MoeCTF 2021]PEPEPE,439,3.8,15,6,17,PE结构|REVERSE|PE文件结构|算法分析,True,False,,https://www.nssctf.cn/problem/3391
4277,[NSSCTF 2nd]Tea or XTtea,439,3.4,15,3,14,XTEA|平坦化,True,False,,https://www.nssctf.cn/problem/4277
4577,[香山杯 2023]hello_py,439,3.4,15,6,25,算法分析|逆向技术|REVERSE,True,False,,https://www.nssctf.cn/problem/4577
5196,[GHCTF 2024 新生赛]难知如阴，动如雷震,439,3.7,15,28,18,REVERSE,True,False,,https://www.nssctf.cn/problem/5196
5790,[羊城杯 2024]pic,439,4.0,15,17,28,Golang|RC4|REVERSE,True,False,,https://www.nssctf.cn/problem/5790
7307,[SWPUCTF 2025 秋季新生赛]哈基米,439,2.9,15,12,38,WEB,True,False,,https://www.nssctf.cn/problem/7307
2270,[b01lers 2020]Train ARMS,443,2.8,14,6,11,ARM|REVERSE|XOR,True,False,,https://www.nssctf.cn/problem/2270
3028,[HNCTF 2022 WEEK3]mazes,443,2.2,14,37,35,RE|maze|迷宫,True,False,,https://www.nssctf.cn/problem/3028
3266,[NCTF 2022]cccha,443,4.0,14,8,17,花指令|ChaCha20|逆向技术|REVERSE|chacha20,True,False,,https://www.nssctf.cn/problem/3266
5914,[yeran]哆啦A梦,443,2.8,14,38,15,REVERSE,True,False,,https://www.nssctf.cn/problem/5914
6619,[NSSRound#28 Team]来做算术题叭,443,2.8,14,20,29,C|花指令,True,False,,https://www.nssctf.cn/problem/6619
1318,[GKCTF 2020]BabyDriver,447,1.0,13,20,22,逆向|键盘过滤驱动|迷宫,True,False,,https://www.nssctf.cn/problem/1318
3444,[西湖论剑 2022]EasyVT,447,4.6,13,8,17,reverse|VT-exit,True,False,,https://www.nssctf.cn/problem/3444
5109,[NSSRound#18 Basic]EzADVM,447,3.8,13,9,9,VM|安卓逆向,True,False,,https://www.nssctf.cn/problem/5109
5181,[GHCTF 2024 新生赛]CS1.6,447,2.8,13,15,15,C#,True,False,,https://www.nssctf.cn/problem/5181
5775,[KPCTF 2024 初赛]REsignin,447,3.0,13,40,23,Python|语言逆向|REVERSE,True,True,,https://www.nssctf.cn/problem/5775
235,[羊城杯 2021]Safe Box,451,3.8,12,27,42,TEA|进程保护|逆向|数学|windows,True,False,,https://www.nssctf.cn/problem/235
744,[De1ctf 2019]Cplusplus,451,4.5,12,8,30,逆向,True,False,,https://www.nssctf.cn/problem/744
1162,[巅峰极客 2021]baby_maze,451,4.8,12,31,30,IDC脚本|迷宫|DFS|逆向,True,False,,https://www.nssctf.cn/problem/1162
2416,[鹏城杯 2022]maze,451,5.0,12,9,25,REVERSE|maze|IDC脚本|DFS,True,False,,https://www.nssctf.cn/problem/2416
3109,[HNCTF 2022 WEEK4]findit,451,2.8,12,28,19,动态调试|RE|md5爆破|dfs,True,False,,https://www.nssctf.cn/problem/3109
6542,[GHCTF 2025]TimeSpaceRescue,451,4.4,12,3,34,REVERSE,True,True,,https://www.nssctf.cn/problem/6542
6935,[BCACTF 2024]My Brain Hurts,451,0.8,12,4,25,REVERSE,True,False,,https://www.nssctf.cn/problem/6935
40,[SWPU 2019]EasiestRe,455,3.5,11,12,46,进程保护|双进程保护,True,False,,https://www.nssctf.cn/problem/40
2268,[b01lers 2020]digital sloth,455,4.1,11,12,15,REVERSE|密码|快速幂,True,False,,https://www.nssctf.cn/problem/2268
2342,[CISCN 2022 初赛]babycode,455,3.0,11,2,17,XTEA|Ruby|逆向技术|Reverse|mruby字节码,True,False,,https://www.nssctf.cn/problem/2342
4527,[SWPUCTF 2023 秋季新生赛]SeeingSharp,455,1.8,11,1,33,REVERSE,True,False,,https://www.nssctf.cn/problem/4527
5093,[NCTF 2023]Jvav,455,4.4,11,17,32,JAVA,True,False,,https://www.nssctf.cn/problem/5093
5752,[巅峰极客 2024]BabyRe,455,3.8,11,6,28,算法分析|XOR|自定义逻辑|C++|REVERSE,True,False,,https://www.nssctf.cn/problem/5752
5789,[羊城杯 2024]sedRust_happyVm,455,5.0,11,15,24,VMP|VM|动态调试|REVERSE,True,False,,https://www.nssctf.cn/problem/5789
5792,[羊城杯 2024]docCrack,455,3.0,11,15,27,REVERSE,True,False,,https://www.nssctf.cn/problem/5792
61,[zer0pts 2020]vmlog,459,2.4,10,5,23,VM|逆向分析|自定义逻辑,True,False,,https://www.nssctf.cn/problem/61
63,[zer0pts 2020]QR Puzzle,459,3.1,10,4,33,逆向,True,False,,https://www.nssctf.cn/problem/63
220,[UTCTF 2020].PNG2,459,3.0,10,4,22,逆向,True,False,,https://www.nssctf.cn/problem/220
778,[湖湘杯 2021]hideit,459,4.9,10,12,18,逆向,True,False,,https://www.nssctf.cn/problem/778
1405,[AFCTF 2021]rustcheckin,459,3.5,10,30,15,Rust|逆向技术|Reverse|异或|rust,True,False,,https://www.nssctf.cn/problem/1405
1896,[SUSCTF 2022]hell_world,459,0.0,10,10,31,Reverse,True,False,,https://www.nssctf.cn/problem/1896
2172,[虎符CTF 2022]the_shellcode,459,4.8,10,23,15,Reverse|base64|xxtea|windows PE|shellcode,True,False,,https://www.nssctf.cn/problem/2172
4232,[SEETF 2022]BestSoftware,459,3.0,10,22,8,REVERSE,True,False,,https://www.nssctf.cn/problem/4232
4235,[SEETF 2022]Magic,459,2.5,10,9,28,反调试|REVERSE,True,False,,https://www.nssctf.cn/problem/4235
5772,[NSSCTF 3rd]MyGO,459,3.5,10,1,18,REVERSE,True,False,,https://www.nssctf.cn/problem/5772
5939,[SWPUCTF 2024 秋季新生赛]为啥内存里有这么多数据？！！,459,2.7,10,4,26,SMC|C|REVERSE,True,False,,https://www.nssctf.cn/problem/5939
7113,[网谷杯安全极客大赛 2025]NewRC4,459,3.2,10,3,24,REVERSE,True,False,,https://www.nssctf.cn/problem/7113
234,[羊城杯 2021]OddCode,463,4.6,9,13,18,模拟器|HOOK|动态调试|逆向|windows,True,False,,https://www.nssctf.cn/problem/234
342,[长城杯 2021 院校组]funny_js,463,3.5,9,6,27,RC4|quickjs|bytecode|rc4,True,False,,https://www.nssctf.cn/problem/342
750,[suctf 2019]Rev,463,0.0,9,21,28,逆向,True,False,,https://www.nssctf.cn/problem/750
1121,[AFCTF 2018]玩转密码学,463,3.0,9,87,26,逆向|MD5,True,False,,https://www.nssctf.cn/problem/1121
3242,[NCTF 2021]鲨鲨的秘密,463,4.0,9,1,17,反调试|动态调试|逆向技术|REVERSE|CRC,True,False,,https://www.nssctf.cn/problem/3242
3542,[NSSRound#X Basic]绝世欧皇,463,4.2,9,39,10,Reverse|python|GUI|概率论|DP,True,False,,https://www.nssctf.cn/problem/3542
3598,[HZNUCTF 2023 final]TMD,463,3.0,9,2,13,REVERSE|TMD|xtea,True,False,,https://www.nssctf.cn/problem/3598
3819,[强网杯 青少年赛道 2022]re2,463,3.0,9,47,25,动态调试|Reverse|迷宫,True,False,,https://www.nssctf.cn/problem/3819
4268,[WMCTF 2023]ezAndroid,463,4.5,9,11,31,REVERSE,True,False,,https://www.nssctf.cn/problem/4268
4270,[WMCTF 2023]gohunt,463,4.4,9,1,11,REVERSE,True,False,,https://www.nssctf.cn/problem/4270
5876,[KPCTF 2024 初赛]🎲,463,4.2,9,3,16,C#|自定义逻辑,True,True,,https://www.nssctf.cn/problem/5876
6565,[GHCTF 2025]腐蚀,463,3.5,9,5,36,REVERSE,True,True,,https://www.nssctf.cn/problem/6565
82,[watevrCTF 2019]Punk Whine,467,2.8,8,2,26,符号表|ptrace|控制流|逆向,True,False,,https://www.nssctf.cn/problem/82
233,[羊城杯 2021]DeltX,467,4.2,8,3,12,C|自定义逻辑|逆向|windows|数学,True,False,,https://www.nssctf.cn/problem/233
928,[justCTF 2020]Rusty,467,4.5,8,9,13,PE结构|逆向,True,False,,https://www.nssctf.cn/problem/928
1076,[MMACTF 2015]how-to-use,467,2.5,8,5,10,逆向技术|逆向|框架指针省略FPO|stdcall调用规约|Windows PE32 DLL,True,False,,https://www.nssctf.cn/problem/1076
1373,[INSHack 2019]xHell,467,1.0,8,9,17,Reverse|xlsx,True,False,,https://www.nssctf.cn/problem/1373
1385,[GKCTF 2021]SoMuchCode,467,3.8,8,3,24,Reverse|xxtea|CFG,True,False,,https://www.nssctf.cn/problem/1385
1404,[AFCTF 2021]川b8,467,4.0,8,8,11,自定义逻辑|Reverse,True,False,,https://www.nssctf.cn/problem/1404
1887,[HGAME 2022 week4]hardasm,467,4.0,8,19,20,Reverse|vm|爆破,True,False,,https://www.nssctf.cn/problem/1887
2266,[b01lers 2020]chugga,467,2.7,8,3,13,Golang|Z3|REVERSE|z3,True,False,,https://www.nssctf.cn/problem/2266
4300,[NSSCTF 2nd]file_encrypt,467,2.8,8,1,10,自定义逻辑|算法分析,True,False,,https://www.nssctf.cn/problem/4300
5114,[NSSRound#18 Basic]新年礼物,467,4.1,8,1,18,C#|反调试,True,False,,https://www.nssctf.cn/problem/5114
5912,[SWPUCTF 2024 秋季新生赛]Reverse_or_Pwn,467,3.0,8,125,30,Base64|动态调试|大小端序|REVERSE,True,False,,https://www.nssctf.cn/problem/5912
6346,[长城杯 2024]rand0m,467,4.0,8,32,40,Python|动态调试|REVERSE,True,False,,https://www.nssctf.cn/problem/6346
6600,[GHCTF 2025]ezObfus,467,3.7,8,4,29,REVERSE,True,True,,https://www.nssctf.cn/problem/6600
7274,[Harukaze]fl~ow~er~,467,3.3,8,0,4,REVERSE,True,True,,https://www.nssctf.cn/problem/7274
81,[watevrCTF 2019]Hacking For Vodka,471,2.5,7,2,9,逆向技术|ptrace|XOR|逆向,True,False,,https://www.nssctf.cn/problem/81
766,[深育杯 2021]XOR_Exercise,471,3.2,7,30,62,REVERSE,True,False,,https://www.nssctf.cn/problem/766
927,[justCTF 2020]REmap,471,2.6,7,2,18,Python|逆向,True,False,,https://www.nssctf.cn/problem/927
1415,[羊城杯 2020]Bytecode,471,3.5,7,129,12,"Reverse,1|python,1|z3,1",True,False,,https://www.nssctf.cn/problem/1415
2343,[CISCN 2022 初赛]secreeeeet,471,3.0,7,2,25,Reverse|时间戳|Rabbit,True,False,,https://www.nssctf.cn/problem/2343
2419,[鹏城杯 2022]gocode,471,4.2,7,14,7,Golang|Z3|VM,True,False,,https://www.nssctf.cn/problem/2419
2434,[广东省大学生攻防大赛 2022]simple_re,471,4.8,7,7,44,语言逆向|C|动态调试|REVERSE,True,False,,https://www.nssctf.cn/problem/2434
2441,[蓝帽杯 2022 初赛]loader,471,3.0,7,9,9,reverse|虚拟保护,True,False,,https://www.nssctf.cn/problem/2441
2879,[SWPUCTF 2022 新生赛]wasm,471,3.7,7,15,18,算法分析|XOR|RE|wasm|算法,True,False,,https://www.nssctf.cn/problem/2879
3027,[HNCTF 2022 WEEK3]Stub,471,3.0,7,19,28,脱壳|RE|动态加载壳|AES,True,False,,https://www.nssctf.cn/problem/3027
3168,[强网拟态 2022]comeongo,471,4.7,7,27,11,REVERSE,True,False,,https://www.nssctf.cn/problem/3168
3264,[NCTF 2022]ez_rev,471,5.0,7,26,15,REVERSE|矩阵乘法|代数,True,False,,https://www.nssctf.cn/problem/3264
4201,[SEETF 2023]Data Structures and Algorithms,471,4.5,7,7,15,REVERSE,True,False,,https://www.nssctf.cn/problem/4201
4626,[福建省数据安全 2023 初赛]Stm32,471,4.0,7,20,18,固件逆向,True,False,,https://www.nssctf.cn/problem/4626
5131,[NSSRound#18 Basic]先辈の计算器,471,4.6,7,1,27,REVERSE,True,False,,https://www.nssctf.cn/problem/5131
5997,[BSidesSF 2020]config-me,471,1.5,7,3,21,REVERSE,True,True,,https://www.nssctf.cn/problem/5997
7010,[BCACTF 2024]XOR,471,3.0,7,0,20,XOR|REVERSE,True,False,,https://www.nssctf.cn/problem/7010
7011,[BCACTF 2024]Broken C Code,471,2.4,7,7,4,自定义逻辑|REVERSE,True,False,,https://www.nssctf.cn/problem/7011
7053,[NSSCTF 4th]CrackMe&F***Me,471,5.0,7,0,19,RC4|C++|Python,True,False,,https://www.nssctf.cn/problem/7053
43,[SWPU 2019]easyRE,475,4.5,6,16,23,反调试|SMC|动态调试,True,False,,https://www.nssctf.cn/problem/43
219,[UTCTF 2020]Rhythm Game Vault,475,3.0,6,3,22,逆向,True,False,,https://www.nssctf.cn/problem/219
879,[GFCTF 2021]EasyRE_0x00,475,2.7,6,4,15,patch|逆向,True,False,,https://www.nssctf.cn/problem/879
1116,[AFCTF 2018]他在搞什么鬼花样,475,1.5,6,16,16,逆向,True,False,,https://www.nssctf.cn/problem/1116
1185,[FBCTF 2019]matryoshka,475,3.3,6,11,16,XOR|逆向|ROT13|RC4|维吉尼亚,True,False,,https://www.nssctf.cn/problem/1185
1260,[NCTF 2019]你大概需要一个带bar的mac,475,5.0,6,0,14,swift|逆向|静态分析,True,False,,https://www.nssctf.cn/problem/1260
1316,[GKCTF 2020]Chelly's identity,475,3.0,6,8,11,逆向|动态调试,True,False,,https://www.nssctf.cn/problem/1316
1406,[AFCTF 2021]铁锈b112,475,3.0,6,0,9,Reverse|rust|base|Rust,True,False,,https://www.nssctf.cn/problem/1406
2012,[D^3CTF 2022]d3thon,475,3.2,6,24,14,VM|Python|REVERSE,True,False,,https://www.nssctf.cn/problem/2012
2233,[*CTF 2022]Jump,475,4.5,6,4,18,REVERSE|动态调试|setjmp,True,False,,https://www.nssctf.cn/problem/2233
2360,[SDCTF 2022]OSREV,475,3.5,6,0,9,Reverse|算法分析|XOR|makefile,True,False,,https://www.nssctf.cn/problem/2360
4231,[SEETF 2022]babyreeee,475,0.5,6,13,10,REVERSE,True,False,,https://www.nssctf.cn/problem/4231
5805,[WMCTF 2024]ez_learn,475,4.3,6,2,21,REVERSE,True,False,,https://www.nssctf.cn/problem/5805
6003,[SWPUCTF 2024 秋季新生赛]web,475,4.7,6,1,22,Python|XOR,True,False,,https://www.nssctf.cn/problem/6003
6643,[*CTF 2023]easy_z3,475,0.0,6,43,20,REVERSE,True,False,,https://www.nssctf.cn/problem/6643
6730,"[BCACTF 2021]Wait,this_isn't_C",475,0.0,6,2,7,REVERSE,True,False,,https://www.nssctf.cn/problem/6730
6849,[网络与数据安全挑战赛 2025]ezre,475,2.0,6,29,18,语言逆向|C|SMC|逆向技术|算法分析,True,True,,https://www.nssctf.cn/problem/6849
6901,[BCACTF 2022]My Very Flag Checker,475,5.0,6,1,8,REVERSE,True,False,,https://www.nssctf.cn/problem/6901
6937,[BCACTF 2024]Snail Farmer John,475,3.2,6,18,12,自定义逻辑|REVERSE,True,False,,https://www.nssctf.cn/problem/6937
7031,[VNCTF 2025]kotlindroid,475,4.0,6,2,10,安卓逆向|REVERSE,True,False,,https://www.nssctf.cn/problem/7031
7032,[VNCTF 2025]Fuko's starfish,475,3.0,6,4,16,花指令|反调试|自定义逻辑|TLS|REVERSE,True,False,,https://www.nssctf.cn/problem/7032
7395,[lrtctf 2025]分成三份的旗,475,2.2,6,8,6,REVERSE,True,False,,https://www.nssctf.cn/problem/7395
7496,[FZNCTF 2025]诸神的三试炼,475,0.0,6,1,4,patch|控制流|动态调试,True,True,,https://www.nssctf.cn/problem/7496
7497,[FZNCTF 2025]LZM爱恋日记,475,1.5,6,7,6,C#,True,True,,https://www.nssctf.cn/problem/7497
1117,[AFCTF 2018]雕虫小技,479,0.0,5,6,11,逆向,True,False,,https://www.nssctf.cn/problem/1117
1118,[AFCTF 2018]终极boss,479,0.0,5,16,24,逆向,True,False,,https://www.nssctf.cn/problem/1118
1332,[HXPCTF 2021]revvm,479,5.0,5,5,15,VM|逆向,True,False,,https://www.nssctf.cn/problem/1332
2269,[b01lers 2020]little_engine,479,3.4,5,2,6,C++|XOR|REVERSE,True,False,,https://www.nssctf.cn/problem/2269
2432,[广东省大学生攻防大赛 2022]is_this_really_vm,479,3.5,5,6,22,VM|REVERSE,True,False,,https://www.nssctf.cn/problem/2432
3241,[NCTF 2021]Shadowbringer,479,3.8,5,2,4,REVERSE|动态调试|bitset|base64,True,False,,https://www.nssctf.cn/problem/3241
4051,[CISCN 2023 初赛]PwSh,479,2.5,5,11,15,HOOK|REVERSE,True,False,,https://www.nssctf.cn/problem/4051
5195,[GHCTF 2024 新生赛]CSGO,479,2.8,5,7,11,Rust|REVERSE,True,False,,https://www.nssctf.cn/problem/5195
5565,[bamuwe]UnSafeRsa,479,0.5,5,13,17,REVERSE,True,False,,https://www.nssctf.cn/problem/5565
5838,[KPCTF 2024 决赛]ezam_plus,479,5.0,5,1,11,REVERSE,True,False,,https://www.nssctf.cn/problem/5838
6347,[长城杯 2024]vt,479,4.8,5,7,45,花指令|反调试|动态调试|控制流|REVERSE,True,False,,https://www.nssctf.cn/problem/6347
6620,[NSSRound#28 Team]Ciallo～(∠・ω )⌒☆,479,0.0,5,5,15,RC4|Base64|C,True,False,,https://www.nssctf.cn/problem/6620
6899,[BCACTF 2022]Pickles,479,2.5,5,6,7,REVERSE,True,False,,https://www.nssctf.cn/problem/6899
6906,[BCACTF 2022]Password Manager,479,4.5,5,4,3,REVERSE,True,False,,https://www.nssctf.cn/problem/6906
7034,[VNCTF 2025]AndroidLux,479,4.7,5,5,15,花指令|VM|进程保护|安卓逆向|REVERSE,True,False,,https://www.nssctf.cn/problem/7034
7311,[SWPUCTF 2025 秋季新生赛]CodeRunner,479,3.7,5,12,34,脱壳|UPX壳|C#|REVERSE,True,False,,https://www.nssctf.cn/problem/7311
7352,[zzz26]mix,479,3.0,5,55,10,REVERSE,True,True,,https://www.nssctf.cn/problem/7352
215,[UTCTF 2020]Crack the heart,483,1.5,4,4,20,逆向,True,False,,https://www.nssctf.cn/problem/215
216,[UTCTF 2020]IR,483,2.0,4,1,12,逆向,True,False,,https://www.nssctf.cn/problem/216
218,[UTCTF 2020]babymips,483,2.0,4,5,10,逆向,True,False,,https://www.nssctf.cn/problem/218
221,[UTCTF 2020]The Securest Vault ™,483,3.5,4,0,12,逆向技术|逆向,True,False,,https://www.nssctf.cn/problem/221
359,[天翼杯 2021]bbgo,483,3.0,4,7,8,Golang|符号表,True,False,,https://www.nssctf.cn/problem/359
745,[De1ctf 2019]RE_sign,483,0.0,4,2,13,动态调试|脱壳|逆向,True,False,,https://www.nssctf.cn/problem/745
747,[suctf 2019]Akira_Homework,483,4.2,4,17,9,逆向|反调试|TLS,True,False,,https://www.nssctf.cn/problem/747
821,[广东强网杯 2021 个人决赛]I_Re,483,0.0,4,4,38,UPX|.NET,True,False,,https://www.nssctf.cn/problem/821
1077,[MMACTF 2015]this-program-cannot-run-in-dos-mode,483,2.0,4,0,12,PE结构|逆向|Windows DOS|Broken Header,True,False,,https://www.nssctf.cn/problem/1077
1134,[MTCTF 2021]Superflat,483,3.5,4,2,18,插桩|movfuscator混淆,True,False,,https://www.nssctf.cn/problem/1134
1170,[CyBRICS 2019]Big RAM,483,0.0,4,1,14,逆向,True,False,,https://www.nssctf.cn/problem/1170
1175,[CyBRICS 2019]Hidden Flag,483,0.0,4,0,10,逆向,True,False,,https://www.nssctf.cn/problem/1175
1319,[GKCTF 2020]WannaReverse,483,4.3,4,4,22,逆向|AES|RSA,True,False,,https://www.nssctf.cn/problem/1319
1370,[INSHack 2019]Obscure File Format,483,3.0,4,2,10,Reverse|Python,True,False,,https://www.nssctf.cn/problem/1370
2214,[GoogleCTF 2017 quals]Moon,483,5.0,4,4,22,REVERSE,True,False,,https://www.nssctf.cn/problem/2214
2232,[*CTF 2022]NaCl,483,3.5,4,2,11,动态调试|自定义逻辑|XOR|REVERSE|SFI,True,False,,https://www.nssctf.cn/problem/2232
2273,[b01lers 2020]stahp_the_train,483,2.7,4,4,10,动态调试|VM|REVERSE|C++|XOR,True,False,,https://www.nssctf.cn/problem/2273
2338,[HITCON 2018]EOP,483,5.0,4,1,8,REVERSE|代码分析|算法逆向,True,False,,https://www.nssctf.cn/problem/2338
2501,[强网杯 2022]deeprev,483,4.8,4,26,16,REVERSE|ELF|重定向表|动态调试|IDC脚本,True,False,,https://www.nssctf.cn/problem/2501
2511,[巅峰极客 2022]CrackMe,483,4.0,4,5,15,REVERSE|RC4|动态调试|JAVA|安卓逆向,True,False,,https://www.nssctf.cn/problem/2511
3462,[MTCTF 2022]static,483,4.7,4,44,20,REVERSE,True,False,,https://www.nssctf.cn/problem/3462
3818,[强网杯 青少年赛道 2022]re1,483,0.0,4,7,18,Reverse|chacha20|Golang|XOR,True,False,,https://www.nssctf.cn/problem/3818
4200,[SEETF 2023]Cubeland,483,4.2,4,56,17,REVERSE,True,False,,https://www.nssctf.cn/problem/4200
4636,[FSCTF2023]ezrev,483,2.8,4,36,21,Base64|REVERSE,True,False,,https://www.nssctf.cn/problem/4636
5092,[NCTF 2023]中文编程3,483,0.0,4,10,17,花指令,True,False,,https://www.nssctf.cn/problem/5092
5094,[NCTF 2023]ezVM,483,4.0,4,3,16,VM,True,False,,https://www.nssctf.cn/problem/5094
5781,[KPCTF 2024 决赛]REsignin_revenge,483,3.0,4,16,13,REVERSE,True,True,,https://www.nssctf.cn/problem/5781
7009,[BCACTF 2024]idk,483,4.3,4,3,9,自定义逻辑|REVERSE,True,False,,https://www.nssctf.cn/problem/7009
7114,[网谷杯安全极客大赛 2025]满江红,483,3.5,4,21,12,Base64|REVERSE,True,False,,https://www.nssctf.cn/problem/7114
7480,[probie]快帮我投喂一下JvavSer先生,483,2.3,4,0,3,JAVA|自定义逻辑|反调试,True,True,,https://www.nssctf.cn/problem/7480
7495,[FZNCTF 2025]诸神的三试炼,483,4.0,4,3,7,patch|控制流|动态调试,True,False,,https://www.nssctf.cn/problem/7495
42,[SWPU 2019]RE4,487,3.5,3,2,35,花指令|反调试,True,False,,https://www.nssctf.cn/problem/42
224,[UTCTF 2020]GameboyTAS,487,2.2,3,35,21,逆向,True,False,,https://www.nssctf.cn/problem/224
323,[第五空间 2021]babyruby,487,0.0,3,18,22,ruby|逆向,True,False,,https://www.nssctf.cn/problem/323
375,[长安杯2021学生组]SimpleVM,487,2.5,3,5,9,逆向|VM,True,False,,https://www.nssctf.cn/problem/375
901,[安洵杯 2020]EasyCM,487,0.0,3,4,11,逆向|TLS|SMC|花指令|反调试,True,False,,https://www.nssctf.cn/problem/901
1119,[AFCTF 2018]芝麻开门,487,0.0,3,4,8,逆向|.NET,True,False,,https://www.nssctf.cn/problem/1119
1149,[TCTF 2019]Sixology,487,0.0,3,2,25,逆向,True,False,,https://www.nssctf.cn/problem/1149
1174,[CyBRICS 2019]Matreshka,487,3.0,3,13,6,逆向,True,False,,https://www.nssctf.cn/problem/1174
1188,[FBCTF 2019]SOMBRERO ROJO (part 1),487,0.0,3,5,13,逆向,True,False,,https://www.nssctf.cn/problem/1188
2499,[强网杯 2022]find_basic,487,0.0,3,13,10,REVERSE|VM|Z3,True,False,,https://www.nssctf.cn/problem/2499
2585,[羊城杯 2022]easyjs,487,5.0,3,1,33,Z3|自定义逻辑|Base64|REVERSE|JS,True,False,,https://www.nssctf.cn/problem/2585
3002,[HNCTF 2022 WEEK3]WEIRD VM,487,3.0,3,0,12,VM|RE|vm|nor,True,False,,https://www.nssctf.cn/problem/3002
3128,[NUSTCTF 2022 新生赛]order,487,0.0,3,25,37,RE,True,False,,https://www.nssctf.cn/problem/3128
6250,[HITCTF 2024]SNAKE,487,4.8,3,6,19,REVERSE|C++,True,True,,https://www.nssctf.cn/problem/6250
6251,[HITCTF 2024]VM2024Plus,487,4.7,3,5,24,REVERSE,True,True,,https://www.nssctf.cn/problem/6251
6256,[HITCTF 2024]pipe_snake,487,4.5,3,6,12,REVERSE,True,True,,https://www.nssctf.cn/problem/6256
6343,[长城杯 2024]cython,487,0.0,3,26,38,REVERSE,True,False,,https://www.nssctf.cn/problem/6343
6508,[Equinor 2021]baby0,487,1.0,3,1,5,C|REVERSE,True,False,,https://www.nssctf.cn/problem/6508
6509,[Equinor 2021]baby1,487,4.5,3,5,6,XOR|REVERSE,True,False,,https://www.nssctf.cn/problem/6509
6722,[BCACTF 2021]Digitally_Encrypted_1,487,0.0,3,4,8,REVERSE,True,False,,https://www.nssctf.cn/problem/6722
6727,[BCACTF 2021]Storytime: The_Tragic_Interlude,487,1.5,3,1,6,REVERSE,True,False,,https://www.nssctf.cn/problem/6727
6943,[BCACTF 2024]float-manip,487,2.3,3,4,9,自定义逻辑|REVERSE,True,False,,https://www.nssctf.cn/problem/6943
7033,[VNCTF 2025]抽奖转盘,487,5.0,3,2,17,逆向技术|安卓逆向|JAVA|C++|REVERSE,True,False,,https://www.nssctf.cn/problem/7033
7133,[zzz26]maze game,487,2.0,3,0,6,REVERSE,True,True,,https://www.nssctf.cn/problem/7133
65,[zer0pts 2020]wysinwyg,491,2.8,2,2,9,逆向,True,False,,https://www.nssctf.cn/problem/65
217,[UTCTF 2020]tigress,491,1.5,2,0,17,逆向,True,False,,https://www.nssctf.cn/problem/217
615,[柏鹭杯 2021]baby_net,491,0.0,2,7,26,逆向,True,False,,https://www.nssctf.cn/problem/615
764,[深育杯 2021]Press,491,3.0,2,1,5,逆向,True,False,,https://www.nssctf.cn/problem/764
804,[L3HCTF 2021]IDAAAAAA,491,4.0,2,2,8,REVERSE|最短路径|idb,True,False,,https://www.nssctf.cn/problem/804
849,[CISCN 2021华南]BadGameAndCrazy,491,0.0,2,9,16,逆向技术|SMC|动态调试|语言逆向|加密,True,False,,https://www.nssctf.cn/problem/849
898,"[安洵杯 2018]我从头寻思,还能这么玩？！﻿",491,3.2,2,1,7,PE结构|反调试|逆向,True,False,,https://www.nssctf.cn/problem/898
902,[安洵杯 2020]debugging,491,0.0,2,1,8,逆向|VM,True,False,,https://www.nssctf.cn/problem/902
1089,[0ctf 2016]trace,491,4.0,2,4,19,逆向|ASM|ARM,True,False,,https://www.nssctf.cn/problem/1089
1147,[TCTF 2019]elements,491,2.0,2,40,10,逆向,True,False,,https://www.nssctf.cn/problem/1147
1254,[广东省大学生攻防大赛 2021]rand,491,4.0,2,5,31,REVERSE,True,False,,https://www.nssctf.cn/problem/1254
2015,[D^3CTF 2022]d3re,491,4.0,2,66,32,REVERSE,True,False,,https://www.nssctf.cn/problem/2015
2211,[GoogleCTF 2017 quals]Ascii Art Client,491,0.0,2,1,4,REVERSE|流量分析,True,False,,https://www.nssctf.cn/problem/2211
2274,[b01lers 2020]Trolley,491,0.0,2,0,10,REVERSE|动态调试|GDScript|反编译,True,False,,https://www.nssctf.cn/problem/2274
2327,[SUCTF 2018 招新赛]challenge-game,491,3.5,2,15,10,REVERSE|迷宫逆向,True,False,,https://www.nssctf.cn/problem/2327
2339,[HITCON 2018]party,491,0.0,2,0,5,REVERSE|代码分析|爆破,True,False,,https://www.nssctf.cn/problem/2339
2457,[CISCN 2021华南]ezre,491,5.0,2,12,45,C|自定义逻辑|VM|平坦化|REVERSE,True,False,,https://www.nssctf.cn/problem/2457
2480,[NSSRound#4 SWPU]web,491,0.0,2,2,6,REVERSE|wasm|Z3,True,False,,https://www.nssctf.cn/problem/2480
2521,[长城杯 2022 政企组]rabbit_hole,491,4.5,2,9,8,REVERSE,True,False,,https://www.nssctf.cn/problem/2521
3268,[NCTF 2022]cyberpunk,491,3.5,2,1,6,REVERSE|固件逆向|硬编码分析|算法分析,True,False,,https://www.nssctf.cn/problem/3268
3590,[HZNUCTF 2023 preliminary]Apacha,491,0.0,2,0,6,REVERSE,True,False,,https://www.nssctf.cn/problem/3590
4199,[SEETF 2023]CompileMe,491,0.0,2,9,9,REVERSE,True,False,,https://www.nssctf.cn/problem/4199
4202,[SEETF 2023]decompile-me,491,0.0,2,0,6,REVERSE,True,False,,https://www.nssctf.cn/problem/4202
4236,[SEETF 2022]stomped,491,4.0,2,21,18,REVERSE,True,False,,https://www.nssctf.cn/problem/4236
4269,[WMCTF 2023]RightBack,491,4.5,2,1,8,REVERSE,True,False,,https://www.nssctf.cn/problem/4269
4271,[WMCTF 2023]BabyAnti-2.0,491,4.0,2,36,13,逆向技术|安卓逆向|其他|CheatEngine|REVERSE,True,False,,https://www.nssctf.cn/problem/4271
5091,[NCTF 2023]中文编程2,491,4.0,2,6,16,RC4,True,False,,https://www.nssctf.cn/problem/5091
6079,[BSidesSF 2020]maltty,491,3.0,2,0,5,REVERSE,True,False,,https://www.nssctf.cn/problem/6079
6138,[Zcx666]《回忆安魂曲》--第二章：当记忆被割裂,491,0.0,2,5,9,REVERSE,True,True,,https://www.nssctf.cn/problem/6138
6329,[EquinorCTF 2021]segFix,491,3.0,2,0,6,SMC|REVERSE,True,False,,https://www.nssctf.cn/problem/6329
6358,[Szeyes]简单的ENIGMA去壳,491,0.0,2,6,19,C|脱壳,True,True,,https://www.nssctf.cn/problem/6358
6602,[阿里云CTF 2025]easy-cuda-rev,491,0.0,2,0,21,REVERSE,True,False,,https://www.nssctf.cn/problem/6602
6689,[0x41414141 2021]Ware,491,5.0,2,1,9,脱壳|RSA,True,False,,https://www.nssctf.cn/problem/6689
6693,[0x41414141 2021]x-and-or,491,0.0,2,11,14,逆向技术|XOR|RSA,True,False,,https://www.nssctf.cn/problem/6693
6726,[BCACTF 2021]Storytime: The_Opening_Gambit,491,0.0,2,0,6,REVERSE,True,False,,https://www.nssctf.cn/problem/6726
6728,[BCACTF 2021]Storytime: The_Shocking_Conclusion,491,3.0,2,0,7,REVERSE,True,False,,https://www.nssctf.cn/problem/6728
6877,[BCACTF 2022]Bit Shuffling,491,0.0,2,0,5,Python|REVERSE,True,True,,https://www.nssctf.cn/problem/6877
6920,[BCACTF 2023]Mushroom,491,2.5,2,3,6,C#|REVERSE,True,False,,https://www.nssctf.cn/problem/6920
6934,[BCACTF 2023]undoC,491,2.0,2,1,6,自定义逻辑|REVERSE,True,False,,https://www.nssctf.cn/problem/6934
6940,[BCACTF 2024]Serene Abstractions,491,3.0,2,2,6,AST|RC4|自定义逻辑|REVERSE,True,False,,https://www.nssctf.cn/problem/6940
6941,[BCACTF 2024]Palette,491,3.0,2,0,8,自定义逻辑|逆向技术|REVERSE,True,False,,https://www.nssctf.cn/problem/6941
6993,[BCACTF 2023]Interpreted Arduino I,491,1.8,2,3,12,固件逆向|REVERSE,True,False,,https://www.nssctf.cn/problem/6993
7014,[BCACTF 2024]xnorzzz,491,2.5,2,1,12,自定义逻辑|REVERSE,True,False,,https://www.nssctf.cn/problem/7014
7082,[NSSCTF 4th]Ezr3,491,4.0,2,0,8,VM,True,False,,https://www.nssctf.cn/problem/7082
332,[长安杯 2021]virtual,495,0.0,1,0,7,虚拟机|矩阵运算,True,False,,https://www.nssctf.cn/problem/332
380,[长安杯 2021学生组]wasm2,495,0.0,1,3,24,逆向|WASM,True,False,,https://www.nssctf.cn/problem/380
461,[鹤城杯 2021]Locke,495,0.0,1,17,22,逆向,True,True,,https://www.nssctf.cn/problem/461
475,[祥云杯 2021 final Day2]downloader,495,4.5,1,3,31,REVERSE,True,False,,https://www.nssctf.cn/problem/475
746,[De1ctf 2019]signal_vm_de1ta,495,0.0,1,7,14,逆向|VM,True,False,,https://www.nssctf.cn/problem/746
795,[L3HCTF 2021]BootFlag2,495,0.0,1,4,9,REVERSE,True,True,,https://www.nssctf.cn/problem/795
807,[L3HCTF 2021]luuuuua,495,0.0,1,1,6,REVERSE,True,False,,https://www.nssctf.cn/problem/807
816,[HITCTF 2021]Baby RNG,495,0.0,1,0,9,Feistel,True,False,,https://www.nssctf.cn/problem/816
845,[CISCN 2021初赛]HMI,495,0.0,1,7,17,HMI|工控,True,False,,https://www.nssctf.cn/problem/845
848,[CISCN 2021华南]prob,495,0.0,1,4,17,REVERSE|PASCAL,True,False,,https://www.nssctf.cn/problem/848
877,[GFCTF 2021]BabyReverse,495,0.0,1,6,32,逆向,True,False,,https://www.nssctf.cn/problem/877
899,[安洵杯 2018]一个没什么用的病毒 ,495,0.0,1,17,12,逆向|病毒分析,True,False,,https://www.nssctf.cn/problem/899
924,[justCTF 2020]ABNF: grammar is fun,495,0.0,1,0,5,逆向,True,False,,https://www.nssctf.cn/problem/924
925,[justCTF 2020]debug_me_if_you_can,495,0.0,1,1,6,逆向,True,False,,https://www.nssctf.cn/problem/925
953,[NCTF 2018]Naive_network,495,0.0,1,0,9,逆向|神经网络,True,False,,https://www.nssctf.cn/problem/953
1088,[0ctf 2016]momo,495,0.0,1,0,9,逆向,True,False,,https://www.nssctf.cn/problem/1088
1090,[0ctf 2016]vm,495,0.0,1,2,17,逆向|VM,True,False,,https://www.nssctf.cn/problem/1090
1115,[AFCTF 2018]这个题目不寻常,495,0.0,1,24,9,逆向,True,False,,https://www.nssctf.cn/problem/1115
1244,[RoarCTF 2019]zprotect,495,0.0,1,0,13,逆向|爆破|Linux驱动,True,True,,https://www.nssctf.cn/problem/1244
1276,[EIS 2019]re3,495,0.0,1,0,7,逆向,True,False,,https://www.nssctf.cn/problem/1276
1361,[INSHack2019]Dashlame - Part 1,495,1.0,1,0,10,PYC|Reverse|pyc|AES,True,False,,https://www.nssctf.cn/problem/1361
1384,[GKCTF 2021]KillerAid,495,4.5,1,7,5,C#|反调试|Reverse|AES-CBC,True,False,,https://www.nssctf.cn/problem/1384
1407,[AFCTF 2021]How2Debug,495,0.0,1,0,7,Reverse|SMC|ELF,True,False,,https://www.nssctf.cn/problem/1407
1408,[AFCTF 2021]UART,495,3.0,1,10,15,Reverse|qemu|iot,True,False,,https://www.nssctf.cn/problem/1408
1799,[TQLCTF 2022]Simple X,495,3.0,1,2,7,Reverse|反编译|C++|线形规划|病态矩阵,True,False,,https://www.nssctf.cn/problem/1799
1800,[TQLCTF 2022]Tales of the Arrow,495,0.0,1,0,5,Reverse|3SAT,True,False,,https://www.nssctf.cn/problem/1800
1801,[TQLCTF 2022]quantum,495,0.0,1,0,5,Reverse|算法优化,True,False,,https://www.nssctf.cn/problem/1801
2013,[D^3CTF 2022]D3MUG,495,4.0,1,0,9,REVERSE,True,False,,https://www.nssctf.cn/problem/2013
2212,[GoogleCTF 2017 quals]Counting,495,0.0,1,1,13,REVERSE|斐波那契|VM|hailstone,True,False,,https://www.nssctf.cn/problem/2212
2275,[b01lers 2020]What the elf,495,0.0,1,0,18,REVERSE|ELF文件格式|动态链接函数,True,False,,https://www.nssctf.cn/problem/2275
2277,[b01lers 2020]prerailed,495,0.0,1,0,20,REVERSE|VM|C++,True,False,,https://www.nssctf.cn/problem/2277
2357,[SDCTF 2022]Internprise Encryption,495,0.0,1,3,5,Reverse|算法分析,True,False,,https://www.nssctf.cn/problem/2357
2414,[鹏城杯 2022]rvm,495,3.0,1,3,8,REVERSE|Rust|VM虚拟机|z3,True,False,,https://www.nssctf.cn/problem/2414
2417,[鹏城杯 2022]BUG之眼,495,4.5,1,0,10,REVERSE|反调试|SMC|数独|z3,True,False,,https://www.nssctf.cn/problem/2417
2512,[巅峰极客 2022]ezre,495,0.0,1,2,10,REVERSE,True,True,,https://www.nssctf.cn/problem/2512
3068,[UUCTF 2022 新生赛]八点三十一 ,495,0.0,1,2,14,RE,True,False,,https://www.nssctf.cn/problem/3068
3129,[NUSTCTF 2022 新生赛]Heaven's Gate,495,3.0,1,0,8,RE,True,False,,https://www.nssctf.cn/problem/3129
3165,[强网拟态 2022]unlambda,495,0.0,1,2,6,REVERSE,True,False,,https://www.nssctf.cn/problem/3165
3167,[强网拟态 2022]Indir,495,0.0,1,6,19,REVERSE,True,True,,https://www.nssctf.cn/problem/3167
3229,[HITCTF 2022]The Lost Solving,495,0.0,1,1,7,REVERSE,True,False,,https://www.nssctf.cn/problem/3229
3267,[NCTF 2022]Ovm,495,0.0,1,0,6,VM|REVERSE|OISC,True,False,,https://www.nssctf.cn/problem/3267
3282,[ACTF 2022]Nagi Knows,495,0.0,1,1,10,REVERSE|C++|模板元|RC4,True,False,,https://www.nssctf.cn/problem/3282
3461,[MTCTF 2022]small,495,0.0,1,5,5,REVERSE,True,False,,https://www.nssctf.cn/problem/3461
4204,[SEETF 2023]NOW,495,0.0,1,1,5,REVERSE,True,False,,https://www.nssctf.cn/problem/4204
4234,[SEETF 2022]It's Right There,495,4.0,1,2,15,REVERSE,True,False,,https://www.nssctf.cn/problem/4234
4238,[SEETF 2022]susware,495,4.0,1,4,7,REVERSE|UPX壳|TLS|反调试,True,False,,https://www.nssctf.cn/problem/4238
4272,[WMCTF 2023]ezIos,495,0.0,1,1,13,REVERSE,True,False,,https://www.nssctf.cn/problem/4272
4907,[强网拟态 2023 final]keygen,495,0.0,1,5,6,REVERSE,True,False,,https://www.nssctf.cn/problem/4907
5769,[NSSCTF 3rd]WebCache,495,0.0,1,0,8,REVERSE,True,False,,https://www.nssctf.cn/problem/5769
6087,[BSidesSF 2020]rusty1,495,0.0,1,0,8,REVERSE,True,True,,https://www.nssctf.cn/problem/6087
6089,[BSidesSF 2020]strace-me,495,0.0,1,0,4,REVERSE,True,True,,https://www.nssctf.cn/problem/6089
6328,[EquinorCTF 2021]🔥 cmd 🔥,495,0.0,1,0,9,REVERSE,True,False,,https://www.nssctf.cn/problem/6328
6510,[Equinor 2021]baby2,495,0.0,1,0,6,REVERSE,True,False,,https://www.nssctf.cn/problem/6510
6653,[RoarCTF 2019]math,495,3.5,1,0,6,REVERSE,True,True,,https://www.nssctf.cn/problem/6653
6667,[NSSRound#30 Duo]ezez,495,0.0,1,1,19,REVERSE,True,True,,https://www.nssctf.cn/problem/6667
6674,[NSSRound#30 Duo]不可视之月,495,4.0,1,0,13,REVERSE,True,True,,https://www.nssctf.cn/problem/6674
6721,[BCACTF 2021]A_Fun_Game,495,0.0,1,60,11,REVERSE,True,False,,https://www.nssctf.cn/problem/6721
6723,[BCACTF 2021]Digitally_Encrypted_2,495,0.0,1,1,6,REVERSE,True,False,,https://www.nssctf.cn/problem/6723
6729,[BCACTF 2021]Trailblazer,495,0.0,1,0,6,REVERSE,True,False,,https://www.nssctf.cn/problem/6729
6903,[BCACTF 2022]a Legit proteCtor of flaGs,495,0.0,1,1,5,REVERSE,True,False,,https://www.nssctf.cn/problem/6903
6922,[BCACTF 2023]Room,495,3.0,1,0,10,C#|REVERSE,True,False,,https://www.nssctf.cn/problem/6922
7030,[VNCTF 2025]Hook Fish,495,0.0,1,2,26,REVERSE,True,False,,https://www.nssctf.cn/problem/7030
361,[天翼杯 2021]NicePy,500,0.0,0,0,5,逆向,True,True,,https://www.nssctf.cn/problem/361
362,[天翼杯 2021]revvverse,500,0.0,0,6,19,逆向,True,True,,https://www.nssctf.cn/problem/362
377,[长安杯 2021学生组]wasm1,500,0.0,0,51,17,逆向,True,True,,https://www.nssctf.cn/problem/377
378,[长安杯 2021学生组]simpleavx,500,0.0,0,0,12,逆向,True,True,,https://www.nssctf.cn/problem/378
379,[长安杯 2021学生组]dark,500,0.0,0,42,27,逆向,True,True,,https://www.nssctf.cn/problem/379
473,[祥云杯 2021 final Day2]boa,500,0.0,0,4,10,逆向,True,False,"{'id': 6, 'state': 0, 'submission_count': 0}",https://www.nssctf.cn/problem/473
474,[祥云杯 2021 final Day2]ps,500,0.0,0,0,7,逆向,True,False,"{'id': 7, 'state': 0, 'submission_count': 0}",https://www.nssctf.cn/problem/474
502,[广东强网杯 2021 个人组]0pvm,500,0.0,0,0,7,逆向,True,True,,https://www.nssctf.cn/problem/502
503,[广东强网杯 2021 个人组]angrysnake,500,0.0,0,4,22,逆向,True,False,,https://www.nssctf.cn/problem/503
607,[强网拟态 2021]fastjs,500,0.0,0,1,24,逆向,True,True,,https://www.nssctf.cn/problem/607
616,[柏鹭杯 2021]baby_lua,500,0.0,0,0,7,逆向,True,True,,https://www.nssctf.cn/problem/616
631,[广东强网杯 2021 团队组]getyourflag,500,0.0,0,0,21,逆向,True,True,,https://www.nssctf.cn/problem/631
632,[广东强网杯 2021 团队组]crackme,500,0.0,0,6,10,逆向,True,True,,https://www.nssctf.cn/problem/632
748,[suctf 2019]babyunic,500,0.0,0,0,5,逆向|z3,True,False,,https://www.nssctf.cn/problem/748
765,[深育杯 2021]Lithops,500,0.0,0,0,6,逆向,True,True,,https://www.nssctf.cn/problem/765
767,[深育杯 2021]生瓜蛋子,500,0.0,0,22,41,逆向,True,False,,https://www.nssctf.cn/problem/767
779,[湖湘杯 2021]babyunt,500,0.0,0,0,8,逆向,True,True,,https://www.nssctf.cn/problem/779
780,[湖湘杯 2021]ProgGame,500,0.0,0,0,6,逆向,True,True,,https://www.nssctf.cn/problem/780
781,[湖湘杯 2021]shell,500,0.0,0,2,6,逆向,True,True,,https://www.nssctf.cn/problem/781
803,[L3HCTF 2021]hills,500,0.0,0,0,8,REVERSE,True,True,,https://www.nssctf.cn/problem/803
805,[L3HCTF 2021]double-joy,500,0.0,0,1,5,REVERSE,True,True,,https://www.nssctf.cn/problem/805
806,[L3HCTF 2021]Load,500,0.0,0,11,11,REVERSE,True,True,,https://www.nssctf.cn/problem/806
808,[L3HCTF 2021]CoreGhost,500,0.0,0,2,29,REVERSE,True,True,,https://www.nssctf.cn/problem/808
817,[HITCTF 2021]revenge,500,0.0,0,0,6,REVERSE,True,False,"{'id': 17, 'state': 0, 'submission_count': 0}",https://www.nssctf.cn/problem/817
818,[HITCTF 2021]Poker Game,500,0.0,0,4,23,REVERSE,True,True,,https://www.nssctf.cn/problem/818
855,[CISCN 2021初赛]little evil,500,0.0,0,10,18,REVERSE,True,True,,https://www.nssctf.cn/problem/855
926,[justCTF 2020]reklest,500,0.0,0,36,10,逆向,True,False,,https://www.nssctf.cn/problem/926
943,[闽盾杯 2021]ext,500,0.0,0,0,6,Go,True,True,,https://www.nssctf.cn/problem/943
955,[NCTF 2018]some boxes,500,0.0,0,6,18,逆向|迷宫,True,False,,https://www.nssctf.cn/problem/955
1074,[MMACTF 2015]digital-circuit,500,0.0,0,7,10,逆向,True,False,,https://www.nssctf.cn/problem/1074
1075,[MMACTF 2015]encrypted,500,0.0,0,0,8,逆向,True,False,"{'id': 22, 'state': 0, 'submission_count': 0}",https://www.nssctf.cn/problem/1075
1148,[TCTF 2019]fixed_point,500,0.0,0,3,16,逆向|CRC,True,False,,https://www.nssctf.cn/problem/1148
1184,[FBCTF 2019]Imageprot,500,0.0,0,8,7,逆向,True,False,,https://www.nssctf.cn/problem/1184
1186,[FBCTF 2019]NoMoreSeaCrypts,500,0.0,0,1,6,逆向,True,False,,https://www.nssctf.cn/problem/1186
1187,[FBCTF 2019]SOMBRERO ROJO (part 2),500,0.0,0,4,7,逆向,True,False,,https://www.nssctf.cn/problem/1187
1211,[D3CTF 2019]keygenme,500,0.0,0,2,8,逆向,True,False,,https://www.nssctf.cn/problem/1211
1212,[D3CTF 2019]ch1pfs,500,0.0,0,0,6,逆向,True,False,,https://www.nssctf.cn/problem/1212
1228,[MTCTF 2021 final]final_exam,500,0.0,0,2,8,逆向,True,False,"{'id': 25, 'state': 0, 'submission_count': 0}",https://www.nssctf.cn/problem/1228
1255,[广东省大学生攻防大赛 2021]pic,500,0.0,0,1,11,REVERSE,True,False,"{'id': 26, 'state': 0, 'submission_count': 0}",https://www.nssctf.cn/problem/1255
1277,[EIS 2019]xy86,500,0.0,0,0,5,逆向,True,True,,https://www.nssctf.cn/problem/1277
1331,[HXPCTF 2021]hxp3drm,500,0.0,0,3,14,逆向,True,False,,https://www.nssctf.cn/problem/1331
1333,[HXPCTF 2021]reasonable,500,0.0,0,3,12,逆向|C++,True,False,,https://www.nssctf.cn/problem/1333
1802,[TQLCTF 2022]trivm-obf,500,0.0,0,0,8,Reverse,True,False,,https://www.nssctf.cn/problem/1802
1803,[TQLCTF 2022]tqlnode,500,0.0,0,0,5,Reverse|JS,True,False,,https://www.nssctf.cn/problem/1803
1894,[SUSCTF 2022]dddart,500,0.0,0,0,6,Reverse,True,False,,https://www.nssctf.cn/problem/1894
1895,[SUSCTF 2022]tttree,500,0.0,0,4,7,Reverse,True,False,,https://www.nssctf.cn/problem/1895
2014,[D^3CTF 2022]d3arm,500,0.0,0,26,11,REVERSE,True,False,,https://www.nssctf.cn/problem/2014
2267,[b01lers 2020]Dank Engine,500,0.0,0,0,5,REVERSE|Game,True,False,,https://www.nssctf.cn/problem/2267
2271,[b01lers 2020]Compression,500,0.0,0,0,12,REVERSE|XOR,True,False,,https://www.nssctf.cn/problem/2271
2272,[b01lers 2020]Spirit Tracks,500,0.0,0,0,10,REVERSE|汇编,True,False,,https://www.nssctf.cn/problem/2272
2276,[b01lers 2020]derailed,500,0.0,0,12,8,REVERSE|VM,True,False,,https://www.nssctf.cn/problem/2276
2278,[b01lers 2020]Railed,500,0.0,0,0,9,REVERSE|VM|C++|动态调试,True,False,,https://www.nssctf.cn/problem/2278
2510,[巅峰极客 2022]ObfPuzz,500,0.0,0,4,15,REVERSE,True,False,,https://www.nssctf.cn/problem/2510
2520,[长城杯 2022 政企组]infant_re,500,0.0,0,3,8,REVERSE,True,False,,https://www.nssctf.cn/problem/2520
2541,[网鼎杯 2022 青龙组]whereiscode,500,0.0,0,4,20,REVERSE,True,False,,https://www.nssctf.cn/problem/2541
3067,[UUCTF 2022 新生赛]ccrraacckk,500,0.0,0,0,8,RE,True,False,,https://www.nssctf.cn/problem/3067
3069,[UUCTF 2022 新生赛]eezz_re,500,0.0,0,1,7,RE,True,False,,https://www.nssctf.cn/problem/3069
3123,[NUSTCTF 2022 新生赛]type,500,0.0,0,1,6,RE|WEB,True,False,,https://www.nssctf.cn/problem/3123
3164,[强网拟态 2022]babyre,500,0.0,0,13,23,REVERSE,True,True,,https://www.nssctf.cn/problem/3164
3166,[强网拟态 2022]windows_call,500,0.0,0,16,18,REVERSE,True,True,,https://www.nssctf.cn/problem/3166
3206,[HITCON 2022]checker,500,0.0,0,5,14,REVERSE,True,False,,https://www.nssctf.cn/problem/3206
3207,[HITCON 2022]Meow Way,500,0.0,0,34,10,REVERSE,True,False,,https://www.nssctf.cn/problem/3207
3208,[HITCON 2022]gocrygo,500,0.0,0,4,21,REVERSE,True,False,,https://www.nssctf.cn/problem/3208
3228,[HITCTF 2022]solaris,500,0.0,0,23,29,REVERSE,True,True,,https://www.nssctf.cn/problem/3228
3230,[HITCTF 2022]debug_maze,500,0.0,0,0,10,REVERSE,True,True,,https://www.nssctf.cn/problem/3230
3231,[HITCTF 2022]drip,500,0.0,0,0,16,REVERSE,True,True,,https://www.nssctf.cn/problem/3231
3269,[NCTF 2022]cyberpunk2,500,0.0,0,2,25,REVERSE|CVE-2010-2967|VxWorks,True,False,"{'id': 35, 'state': 0, 'submission_count': 0}",https://www.nssctf.cn/problem/3269
3385,[MoeCTF 2021]Algorithm_revenge,500,0.0,0,7,8,REVERSE|算法分析|动态规划,True,False,,https://www.nssctf.cn/problem/3385
3451,[长城杯 2022 高校组]infant_re,500,0.0,0,1,14,REVERSE,True,False,"{'id': 37, 'state': 0, 'submission_count': 0}",https://www.nssctf.cn/problem/3451
3596,[HZNUCTF 2023 final]nim,500,0.0,0,14,8,REVERSE|shellcode,True,False,,https://www.nssctf.cn/problem/3596
4203,[SEETF 2023]Linear Programming,500,0.0,0,0,5,REVERSE,True,False,,https://www.nssctf.cn/problem/4203
4205,[SEETF 2023]Sleight of Hand,500,0.0,0,1,12,REVERSE,True,False,,https://www.nssctf.cn/problem/4205
4206,[SEETF 2023]Woodchecker,500,0.0,0,0,5,REVERSE,True,False,,https://www.nssctf.cn/problem/4206
4233,[SEETF 2022]Introduction to Programming,500,0.0,0,2,5,REVERSE,True,False,,https://www.nssctf.cn/problem/4233
4237,[SEETF 2022]sudocv,500,0.0,0,0,5,WEB,True,False,,https://www.nssctf.cn/problem/4237
4450,[蓝帽杯 2023 半决赛]justamat,500,0.0,0,55,19,REVERSE,True,False,,https://www.nssctf.cn/problem/4450
5793,[羊城杯 2024]load-fakePE.fake-peLoader,500,0.0,0,0,13,REVERSE,True,True,,https://www.nssctf.cn/problem/5793
5794,[羊城杯 2024]chal,500,0.0,0,13,18,REVERSE,True,True,,https://www.nssctf.cn/problem/5794
6088,[BSidesSF 2020]rusty2,500,0.0,0,0,7,REVERSE,True,True,,https://www.nssctf.cn/problem/6088
6117,[网鼎杯 2024]RE1,500,0.0,0,45,67,安卓逆向,True,False,,https://www.nssctf.cn/problem/6117
6687,[0x41414141 2021]cliBrowser,500,0.0,0,2,17,RSA,True,False,,https://www.nssctf.cn/problem/6687
6688,[0x41414141 2021]Hash,500,0.0,0,0,11,RSA,True,False,,https://www.nssctf.cn/problem/6688
6690,[0x41414141 2021]WrongDownload,500,0.0,0,0,7,RSA,True,False,,https://www.nssctf.cn/problem/6690
6691,[0x41414141 2021]Backupkeys,500,0.0,0,0,10,RSA,True,False,,https://www.nssctf.cn/problem/6691
6692,[0x41414141 2021]Cage,500,0.0,0,0,8,RSA,True,False,,https://www.nssctf.cn/problem/6692
6724,[BCACTF 2021]Digitally_Encrypted_2.99999...,500,0.0,0,0,7,REVERSE,True,False,,https://www.nssctf.cn/problem/6724
6725,[BCACTF 2021]Digitally_Encrypted_3,500,0.0,0,0,6,REVERSE,True,False,,https://www.nssctf.cn/problem/6725
6731,"[BCACTF 2021]Wait,this_isn't_C_2_(The_Sequel)",500,0.0,0,0,11,REVERSE,True,False,,https://www.nssctf.cn/problem/6731
6882,[BCACTF 2022]Convoluted,500,0.0,0,1,6,REVERSE,True,False,,https://www.nssctf.cn/problem/6882
6891,[BCACTF 2022]Glassed Over,500,0.0,0,3,6,REVERSE,True,False,,https://www.nssctf.cn/problem/6891
6907,[BCACTF 2022]Pirates,500,0.0,0,1,10,REVERSE,True,False,,https://www.nssctf.cn/problem/6907
6916,[BCACTF 2023]Golfers,500,0.0,0,1,11,REVERSE,True,False,,https://www.nssctf.cn/problem/6916
7054,[NSSCTF 4th]Constraints,500,0.0,0,10,22,REVERSE,True,False,,https://www.nssctf.cn/problem/7054
